Ursprungsname;Anteil_NA;Anzahl_unters_Werte;Analysename
alterswertminderung_hg;0.07;68;
angepasster_brw_eur_qm;0.44;95;
anteilgesamtobjekt_nenner;0;9;
anteilgesamtobjekt_zaehler;0;5;
anz_einheiten_anlage;1.22;76;
anz_einheiten_gebaeude;1.51;69;
anzahl_carport_hg;99.37;2;
anzahl_garage_hg;80.72;5;
anzahl_stellplaetze_garagen;13.86;9;
anzahl_stellplatz_hg;89.02;6;
anzahl_tgstellplatz_hg;93.7;3;
anzahlgeschosse_hg;0.37;13;
anzahlgewerbeeinheitengebaeude_hg;80.94;13;
anzahlterrasse_balkon_hg;13.27;8;
anzahlvollgeschosse_hg;3.06;11;
ask_aussenwaende1;97.2;3;
ask_aussenwaende2;70.84;5;
ask_aussenwaende3;78.07;4;
ask_aussenwaende4;90.64;3;
ask_aussenwaende5;99.52;1;
ask_aussenwaende_calc;38.52;11;
ask_calc;39;32;
ask_dach1;93.92;4;
ask_dach2;76.82;5;
ask_dach3;78.25;4;
ask_dach4;87.91;5;
ask_dach5;99.26;2;
ask_dach_calc;38.59;10;
ask_deckenkonstruktiontreppen1;97.9;6;
ask_deckenkonstruktiontreppen2;87.73;8;
ask_deckenkonstruktiontreppen3;49.61;8;
ask_deckenkonstruktiontreppen4;90.86;7;
ask_deckenkonstruktiontreppen5;94.29;6;
ask_deckenkonstruktiontreppen_calc;38.67;10;
ask_fensteraussentueren1;96.72;6;
ask_fensteraussentueren2;69;7;
ask_fensteraussentueren3;63.47;10;
ask_fensteraussentueren4;85.04;9;
ask_fensteraussentueren5;98.78;5;
ask_fensteraussentueren_calc;38.56;10;
ask_fussboeden1;98.64;3;
ask_fussboeden2;84.7;5;
ask_fussboeden3;63.36;6;
ask_fussboeden4;89.16;5;
ask_fussboeden5;99;4;
ask_fussboeden_calc;38.48;5;
ask_heizung1;98.82;2;
ask_heizung2;65.35;4;
ask_heizung3;79.69;4;
ask_heizung4;93.84;4;
ask_heizung5;99.26;2;
ask_heizung_calc;38.52;8;
ask_innenwaendetueren1;94.77;6;
ask_innenwaendetueren2;74.49;9;
ask_innenwaendetueren3;46;10;
ask_innenwaendetueren4;92.33;6;
ask_innenwaendetueren5;99.52;3;
ask_innenwaendetueren_calc;38.59;9;
ask_sanitaereinrichtungen1;98.34;3;
ask_sanitaereinrichtungen2;74.16;5;
ask_sanitaereinrichtungen3;73.46;5;
ask_sanitaereinrichtungen4;92.44;4;
ask_sanitaereinrichtungen5;96.68;3;
ask_sanitaereinrichtungen_calc;38.56;8;
ask_sonstigetechausstattung1;96.46;3;
ask_sonstigetechausstattung2;86.4;4;
ask_sonstigetechausstattung3;60.6;6;
ask_sonstigetechausstattung4;93.51;5;
ask_sonstigetechausstattung5;98.64;5;
ask_sonstigetechausstattung_calc;38.67;6;
ask_user;64.54;27;
aufteilungsplannr;0.04;447;
aufzug;5.82;2;
ausstattungsklasse_hg;6.52;33;Ausstattung
baujahr_fiktiv_hg;35.64;65;
baujahr_hg;0;113;Baujahr
baulandflaeche;0;786;
bearbeitungsdatum;0;833;
bemerkungen_vertragsdaten;61.37;555;
ber_kp_wf_wte;0;1651;Preis
bodenwert;0.48;2135;
bodenwert_anteilig_calc;0.48;2137;
bodenwert_anteilig_user;99.85;1;
bodenwert_calc;0.44;1448;
brw_breite;94.51;1;
brw_flaeche;98.42;12;
brw_gez;1.77;17;
brw_gfz;38.04;13;
brw_grz;81.79;1;
brw_nr;1.03;334;
brw_stichtag;1.14;8;
brw_tiefe;57.06;10;
brw_wert;0.44;52;
bwk_euro_garage;99.96;1;
bwk_euro_wohnen;5.75;2244;
bwk_euro_wohnen_summe;6.23;2244;
bwk_instandhaltungskosten_faktor_gar;41.28;1;
bwk_instandhaltungskosten_faktor_woh;0;2;
bwk_instandhaltungskosten_gar;99.96;1;
bwk_instandhaltungskosten_ges_gar;58.72;2;
bwk_instandhaltungskosten_ges_woh;2.73;1467;
bwk_instandhaltungskosten_gew;57.32;5;
bwk_instandhaltungskosten_gew2;57.32;5;
bwk_instandhaltungskosten_gew3;57.32;5;
bwk_instandhaltungskosten_woh;2.32;7;
bwk_jahr_modellwerte;57.32;6;
bwk_mietausfallwagnis_gar;99.96;1;
bwk_mietausfallwagnis_ges_woh;8.85;1904;
bwk_mietausfallwagnis_gew;58.27;2;
bwk_mietausfallwagnis_woh;2.32;1;
bwk_pauschal_ges_woh;99.52;1;
bwk_prozent_gewerbe;99.85;1;
bwk_prozent_wohnen;9.14;41;
bwk_verwaltungskosten_faktor_gar;41.28;1;
bwk_verwaltungskosten_faktor_woh;0;3;
bwk_verwaltungskosten_gar;99.96;1;
bwk_verwaltungskosten_ges_gar;99.96;1;
bwk_verwaltungskosten_ges_woh;7.15;13;
bwk_verwaltungskosten_gew;57.32;1;
bwk_verwaltungskosten_woh;2.32;10;
dachraum;0.18;2;
datumumwandlung;99.45;7;
denkmalschutz;99.63;1;
do_gartennutzung;41.73;2;
do_modernisierungstyp_hg_berechnet;82.49;17;
do_modernisierungstyp_hg_pauschal;58.35;17;
do_rndgerechnet;3.76;68;
eingangsdatum;0.04;961;
energieanschluss;89.86;1;
engergiebedarf_hg;59.68;508;
faktor_bauweise;99.15;3;
faktor_gstiefe;99.96;1;
faktor_lage;99.96;1;
faktor_sonstiges;95.5;10;
firsthoehe;99.96;1;
freiesfeld1;89.79;30;
freiesfeld1_wert;99.93;1;
freiesfeld2;96.61;11;
freiesfeld3;99.74;1;
frontlaenge;98.27;21;
gakenz;0;1;
garagen_nenner;86.1;26;
garagen_zaehler;86.14;92;
garagenmiete_jaehrl;99.67;5;
gebaeudekomplexnr;48.4;250;
gesamtgrundstuecksflaeche;0;785;
gesamtkaufpreis;0;753;
gfz_zulaessig;98.78;2;
gnd_hg;0.07;3;
grossinvestition;0;2;
grz;98.78;2;
gskz;65.94;27;
hausnr;0.11;598;
instandhaltungsruecklage;68.41;732;
jahresreinertrag;5.46;2270;
jahresrohertrag_insg;8.85;1977;
jahresrohertrag_wohnen;8.85;1977;
kaufpreis_bereinigt;40.1;578;
kaufpreis_bereinigt_wte;0;892;
kaufpreiskorrektur;80.58;114;
kellerraum;0.48;2;
l_abwasseranschluss;89.86;1;
l_alten_und_behindertengerecht;41.8;3;
l_anbauweise_hg;5.68;4;
l_anredeerwerber;99.96;1;
l_art_wertrelevante_nutzung;6.41;5;
l_artbezahlung;1.66;5;
l_bad;4.35;4;
l_balkon_terrasse;48.58;7;
l_basisjahr;0;1;
l_baukonstruktion_hg;2.91;7;
l_bauzustand_hg;6.19;6;
l_bearbeitungsvermerk;0;5;
l_bezugsmassstab;99.52;1;
l_brennstoffart_hg;31.7;9;
l_brw_beitragszustand;1.11;2;
l_brw_erg_nutzungsart;90.9;9;
l_brw_erschliessungszustand;88.87;1;
l_brw_nutzungsart;0.96;5;
l_daemmung_aussen;99.96;1;
l_daemmung_dach;99.96;1;
l_daemmung_hg;78.77;6;
l_do_ausstattungsklasse_hg_iris;12.16;8;
l_entnahmehinweis;94.4;3;
l_entwicklungszustand_baureif;0;1;
l_erschliessungszustand;66.53;2;
l_erwerber;0;11;
l_gabez;0;1;
l_gaestewc;20.35;3;
l_gebaeudeart_erg_hg;1.11;12;
l_gebaeudeart_hg;0.07;4;
l_gebietsunterteilung;99.12;6;
l_gemeinde;0;3;
l_gemeindekennzeichen;0;3;
l_geschossdecken_hg;61.89;3;
l_geschosslage;5.75;20;
l_grundrissgestaltung_hg;33.06;2;
l_grundstuecksart;87.87;6;
l_grundstuecksausrichtung;95.98;8;
l_grundstueckszuschnitt;93.96;2;
l_heizung_hg;47.29;8;
l_immissionen;99.45;1;
l_kauffallgeeignet;0;1;
l_laendererwerber;98.42;20;
l_laenderverkaeufer;98.12;23;
l_modernisierungsgrad_hg;44.93;5;
l_modernisierungstyp_text_hg;50.09;8;
l_notar;0;322;
l_nutzungsart;0;7;
l_nutzungsgruppe_hg;98.56;3;
l_ortsteil;0;29;Ortsteil
l_planungsrecht_oertlich;84.19;4;
l_planungsrechtliche_festsetzung;97.01;5;
l_rechtsvorgang;0;2;
l_region;4.83;4;
l_sachbearbeiter;0;99;
l_strasse;0;480;
l_strassenausbauzustand;89.83;1;
l_verkaeufer;0;17;
l_verkaufsumstand_wte;0;3;
l_verkehrsanbindung;99.45;1;
l_vermietungssituation_hg;8.48;3;
l_wertnach_hg;53.81;3;
l_wohnlage;0.11;7;Lage
l_zentralitaet;57.61;5;
lagebezeichnung;82.23;283;
liegenschaftszinssatz;5.9;700;
lzs_geeignet;88.43;2;
me_teileigentum_nenner;99.85;1;
me_teileigentum_zaehler;99.85;1;
me_wohnung_nenner;0.04;25;
me_wohnung_zaehler;0.04;1490;
mittlerebreite;98.27;21;
mittleretiefe;98.16;22;
mod_baeder;87.1;3;
mod_dacherneuerung;92;4;
mod_fenster_aussentueren;88.13;2;
mod_grundriss;98.19;3;
mod_heizungsanlage;88.98;3;
mod_innenausbau;86.29;2;
mod_leitungssysteme;94.91;2;
mod_waermedaemmung;96.13;4;
modernisierungsjahr_hg;94.4;34;
modernisierungstyp_hg;41.21;20;
nebenflaeche;99.82;5;
nebenflaeche_absbw;99.85;4;
nebenflaeche_relbw;99.85;4;
nrjahr;0;7;
objektkennung;92.66;197;
plz;99.96;1;
plzerwerber;4.98;414;
plzverkaeufer;5.79;473;
preisanteil;53.81;52;
raumanzahl;6.82;11;
regnr;0;1764;
rnd_hg;0.07;66;
rohertragsvervielfaeltiger;8.85;1525;
sachwert_maf_geeignet;44.16;2;
sachwert_vorl;0.33;2171;
solaranlage_hg;86.77;2;
sondernutzungsrechte;45.96;1046;
sonst_jaehrl_mieteinnahmen;99.93;1;
summe_rechte_belastungen;94.58;3;
t_ertraege_wohnen.item.anzahl_raeume_mp_t_er_woh;7.74;1;
t_ertraege_wohnen.item.anzahl_raeume_mp_t_er_woh.02;99.26;1;
t_ertraege_wohnen.item.anzahl_raeume_mp_t_er_woh.03;99.82;1;
t_ertraege_wohnen.item.anzahl_raeume_mp_t_er_woh.04;99.89;1;
t_ertraege_wohnen.item.anzahl_raeume_mp_t_er_woh.05;99.93;1;
t_ertraege_wohnen.item.anzahl_raeume_mp_t_er_woh.06;99.96;1;
t_ertraege_wohnen.item.beginn_miete_t_er_woh;7.74;5;
t_ertraege_wohnen.item.beginn_miete_t_er_woh.02;99.26;1;
t_ertraege_wohnen.item.beginn_miete_t_er_woh.03;99.82;1;
t_ertraege_wohnen.item.beginn_miete_t_er_woh.04;99.89;1;
t_ertraege_wohnen.item.beginn_miete_t_er_woh.05;99.93;1;
t_ertraege_wohnen.item.beginn_miete_t_er_woh.06;99.96;1;
t_ertraege_wohnen.item.bkm_monat_mp_t_er_woh;7.74;1;
t_ertraege_wohnen.item.bkm_monat_mp_t_er_woh.02;99.26;1;
t_ertraege_wohnen.item.bkm_monat_mp_t_er_woh.03;99.82;1;
t_ertraege_wohnen.item.bkm_monat_mp_t_er_woh.04;99.89;1;
t_ertraege_wohnen.item.bkm_monat_mp_t_er_woh.05;99.93;1;
t_ertraege_wohnen.item.bkm_monat_mp_t_er_woh.06;99.96;1;
t_ertraege_wohnen.item.bm_monat_mp_t_er_woh;7.74;1;
t_ertraege_wohnen.item.bm_monat_mp_t_er_woh.02;99.26;1;
t_ertraege_wohnen.item.bm_monat_mp_t_er_woh.03;99.82;1;
t_ertraege_wohnen.item.bm_monat_mp_t_er_woh.04;99.89;1;
t_ertraege_wohnen.item.bm_monat_mp_t_er_woh.05;99.93;1;
t_ertraege_wohnen.item.bm_monat_mp_t_er_woh.06;99.96;1;
t_ertraege_wohnen.item.ende_miete_t_er_woh;7.74;1;
t_ertraege_wohnen.item.ende_miete_t_er_woh.02;99.26;1;
t_ertraege_wohnen.item.ende_miete_t_er_woh.03;99.82;1;
t_ertraege_wohnen.item.ende_miete_t_er_woh.04;99.89;1;
t_ertraege_wohnen.item.ende_miete_t_er_woh.05;99.93;1;
t_ertraege_wohnen.item.ende_miete_t_er_woh.06;99.96;1;
t_ertraege_wohnen.item.flaeche_ertraege_t_er_woh;7.74;1017;
t_ertraege_wohnen.item.flaeche_ertraege_t_er_woh.02;99.26;19;
t_ertraege_wohnen.item.flaeche_ertraege_t_er_woh.03;99.82;5;
t_ertraege_wohnen.item.flaeche_ertraege_t_er_woh.04;99.89;3;
t_ertraege_wohnen.item.flaeche_ertraege_t_er_woh.05;99.93;2;
t_ertraege_wohnen.item.flaeche_ertraege_t_er_woh.06;99.96;1;
t_ertraege_wohnen.item.l_finanzierungsart_t_er_woh;7.74;2;
t_ertraege_wohnen.item.l_finanzierungsart_t_er_woh.02;99.26;1;
t_ertraege_wohnen.item.l_finanzierungsart_t_er_woh.03;99.82;1;
t_ertraege_wohnen.item.l_finanzierungsart_t_er_woh.04;99.89;1;
t_ertraege_wohnen.item.l_finanzierungsart_t_er_woh.05;99.93;1;
t_ertraege_wohnen.item.l_finanzierungsart_t_er_woh.06;99.96;1;
t_ertraege_wohnen.item.l_geschossart_t_er_woh;7.74;411;
t_ertraege_wohnen.item.l_geschossart_t_er_woh.02;99.26;16;
t_ertraege_wohnen.item.l_geschossart_t_er_woh.03;99.82;5;
t_ertraege_wohnen.item.l_geschossart_t_er_woh.04;99.89;3;
t_ertraege_wohnen.item.l_geschossart_t_er_woh.05;99.93;2;
t_ertraege_wohnen.item.l_geschossart_t_er_woh.06;99.96;1;
t_ertraege_wohnen.item.l_geschosslage_mp_t_er_woh;7.74;1;
t_ertraege_wohnen.item.l_geschosslage_mp_t_er_woh.02;99.26;1;
t_ertraege_wohnen.item.l_geschosslage_mp_t_er_woh.03;99.82;1;
t_ertraege_wohnen.item.l_geschosslage_mp_t_er_woh.04;99.89;1;
t_ertraege_wohnen.item.l_geschosslage_mp_t_er_woh.05;99.93;1;
t_ertraege_wohnen.item.l_geschosslage_mp_t_er_woh.06;99.96;1;
t_ertraege_wohnen.item.l_nutzung_mp_t_er_woh;7.74;1;
t_ertraege_wohnen.item.l_nutzung_mp_t_er_woh.02;99.26;1;
t_ertraege_wohnen.item.l_nutzung_mp_t_er_woh.03;99.82;1;
t_ertraege_wohnen.item.l_nutzung_mp_t_er_woh.04;99.89;1;
t_ertraege_wohnen.item.l_nutzung_mp_t_er_woh.05;99.93;1;
t_ertraege_wohnen.item.l_nutzung_mp_t_er_woh.06;99.96;1;
t_ertraege_wohnen.item.l_nutzung_t_er_woh;7.74;11;
t_ertraege_wohnen.item.l_nutzung_t_er_woh.02;99.26;3;
t_ertraege_wohnen.item.l_nutzung_t_er_woh.03;99.82;2;
t_ertraege_wohnen.item.l_nutzung_t_er_woh.04;99.89;1;
t_ertraege_wohnen.item.l_nutzung_t_er_woh.05;99.93;1;
t_ertraege_wohnen.item.l_nutzung_t_er_woh.06;99.96;1;
t_ertraege_wohnen.item.markt_ueb_nkm_qm_t_er_woh;7.74;186;
t_ertraege_wohnen.item.markt_ueb_nkm_qm_t_er_woh.02;99.26;17;
t_ertraege_wohnen.item.markt_ueb_nkm_qm_t_er_woh.03;99.82;5;
t_ertraege_wohnen.item.markt_ueb_nkm_qm_t_er_woh.04;99.89;3;
t_ertraege_wohnen.item.markt_ueb_nkm_qm_t_er_woh.05;99.93;2;
t_ertraege_wohnen.item.markt_ueb_nkm_qm_t_er_woh.06;99.96;1;
t_ertraege_wohnen.item.markt_ueb_nkm_t_er_woh;7.74;1973;
t_ertraege_wohnen.item.markt_ueb_nkm_t_er_woh.02;99.26;20;
t_ertraege_wohnen.item.markt_ueb_nkm_t_er_woh.03;99.82;5;
t_ertraege_wohnen.item.markt_ueb_nkm_t_er_woh.04;99.89;3;
t_ertraege_wohnen.item.markt_ueb_nkm_t_er_woh.05;99.93;2;
t_ertraege_wohnen.item.markt_ueb_nkm_t_er_woh.06;99.96;1;
t_ertraege_wohnen.item.nk_monat_mp_t_er_woh;7.74;1;
t_ertraege_wohnen.item.nk_monat_mp_t_er_woh.02;99.26;1;
t_ertraege_wohnen.item.nk_monat_mp_t_er_woh.03;99.82;1;
t_ertraege_wohnen.item.nk_monat_mp_t_er_woh.04;99.89;1;
t_ertraege_wohnen.item.nk_monat_mp_t_er_woh.05;99.93;1;
t_ertraege_wohnen.item.nk_monat_mp_t_er_woh.06;99.96;1;
t_ertraege_wohnen.item.nkm_monat_mp_t_er_woh;7.74;1;
t_ertraege_wohnen.item.nkm_monat_mp_t_er_woh.02;99.26;1;
t_ertraege_wohnen.item.nkm_monat_mp_t_er_woh.03;99.82;1;
t_ertraege_wohnen.item.nkm_monat_mp_t_er_woh.04;99.89;1;
t_ertraege_wohnen.item.nkm_monat_mp_t_er_woh.05;99.93;1;
t_ertraege_wohnen.item.nkm_monat_mp_t_er_woh.06;99.96;1;
t_ertraege_wohnen.item.nkm_monat_qm_mp_t_er_woh;7.74;1;
t_ertraege_wohnen.item.nkm_monat_qm_mp_t_er_woh.02;99.26;1;
t_ertraege_wohnen.item.nkm_monat_qm_mp_t_er_woh.03;99.82;1;
t_ertraege_wohnen.item.nkm_monat_qm_mp_t_er_woh.04;99.89;1;
t_ertraege_wohnen.item.nkm_monat_qm_mp_t_er_woh.05;99.93;1;
t_ertraege_wohnen.item.nkm_monat_qm_mp_t_er_woh.06;99.96;1;
t_ertraege_wohnen.item.nm_monat_mp_t_er_woh;7.74;1;
t_ertraege_wohnen.item.nm_monat_mp_t_er_woh.02;99.26;1;
t_ertraege_wohnen.item.nm_monat_mp_t_er_woh.03;99.82;1;
t_ertraege_wohnen.item.nm_monat_mp_t_er_woh.04;99.89;1;
t_ertraege_wohnen.item.nm_monat_mp_t_er_woh.05;99.93;1;
t_ertraege_wohnen.item.nm_monat_mp_t_er_woh.06;99.96;1;
t_ertraege_wohnen.item.nr_mp_t_er_woh;7.74;1;
t_ertraege_wohnen.item.nr_mp_t_er_woh.02;99.26;1;
t_ertraege_wohnen.item.nr_mp_t_er_woh.03;99.82;1;
t_ertraege_wohnen.item.nr_mp_t_er_woh.04;99.89;1;
t_ertraege_wohnen.item.nr_mp_t_er_woh.05;99.93;1;
t_ertraege_wohnen.item.nr_mp_t_er_woh.06;99.96;1;
t_ertraege_wohnen.item.nuflaeche_mp_t_er_woh;7.74;1;
t_ertraege_wohnen.item.nuflaeche_mp_t_er_woh.02;99.26;1;
t_ertraege_wohnen.item.nuflaeche_mp_t_er_woh.03;99.82;1;
t_ertraege_wohnen.item.nuflaeche_mp_t_er_woh.04;99.89;1;
t_ertraege_wohnen.item.nuflaeche_mp_t_er_woh.05;99.93;1;
t_ertraege_wohnen.item.nuflaeche_mp_t_er_woh.06;99.96;1;
t_ertraege_wohnen.item.tats_ueb_nkm_qm_t_er_woh;7.74;314;
t_ertraege_wohnen.item.tats_ueb_nkm_qm_t_er_woh.02;99.26;9;
t_ertraege_wohnen.item.tats_ueb_nkm_qm_t_er_woh.03;99.82;5;
t_ertraege_wohnen.item.tats_ueb_nkm_qm_t_er_woh.04;99.89;3;
t_ertraege_wohnen.item.tats_ueb_nkm_qm_t_er_woh.05;99.93;2;
t_ertraege_wohnen.item.tats_ueb_nkm_qm_t_er_woh.06;99.96;1;
t_ertraege_wohnen.item.tats_ueb_nkm_t_er_woh;7.74;217;
t_ertraege_wohnen.item.tats_ueb_nkm_t_er_woh.02;99.26;9;
t_ertraege_wohnen.item.tats_ueb_nkm_t_er_woh.03;99.82;4;
t_ertraege_wohnen.item.tats_ueb_nkm_t_er_woh.04;99.89;3;
t_ertraege_wohnen.item.tats_ueb_nkm_t_er_woh.05;99.93;2;
t_ertraege_wohnen.item.tats_ueb_nkm_t_er_woh.06;99.96;1;
t_ertraege_wohnen.item.wfflaeche_mp_t_er_woh;7.74;1;
t_ertraege_wohnen.item.wfflaeche_mp_t_er_woh.02;99.26;1;
t_ertraege_wohnen.item.wfflaeche_mp_t_er_woh.03;99.82;1;
t_ertraege_wohnen.item.wfflaeche_mp_t_er_woh.04;99.89;1;
t_ertraege_wohnen.item.wfflaeche_mp_t_er_woh.05;99.93;1;
t_ertraege_wohnen.item.wfflaeche_mp_t_er_woh.06;99.96;1;
t_foto.item.bezeichnung;0.48;1083;
t_foto.item.bezeichnung.02;15.44;952;
t_foto.item.bezeichnung.03;34.02;768;
t_foto.item.bezeichnung.04;55.95;481;
t_foto.item.bezeichnung.05;71.62;315;
t_foto.item.bezeichnung.06;83.12;213;
t_foto.item.bezeichnung.07;90.23;127;
t_foto.item.bezeichnung.08;95.28;79;
t_foto.item.bezeichnung.09;97.16;45;
t_foto.item.bezeichnung.10;98.16;27;
t_foto.item.bezeichnung.11;98.6;20;
t_foto.item.bezeichnung.12;98.82;18;
t_foto.item.bezeichnung.13;98.93;14;
t_foto.item.bezeichnung.14;99.93;2;
t_foto.item.image;0.48;1;
t_foto.item.image.02;15.44;1;
t_foto.item.image.03;34.02;1;
t_foto.item.image.04;55.95;1;
t_foto.item.image.05;71.62;1;
t_foto.item.image.06;83.12;1;
t_foto.item.image.07;90.23;1;
t_foto.item.image.08;95.28;1;
t_foto.item.image.09;97.16;1;
t_foto.item.image.10;98.16;1;
t_foto.item.image.11;98.6;1;
t_foto.item.image.12;98.82;1;
t_foto.item.image.13;98.93;1;
t_foto.item.image.14;99.93;1;
t_garagen_stellplaetze_hg.item.garagen_stellplaetze_entn;41.65;30;
t_garagen_stellplaetze_hg.item.garagen_stellplaetze_entn.02;95.36;11;
t_garagen_stellplaetze_hg.item.garagen_stellplaetze_entn.03;99.93;1;
t_garagen_stellplaetze_hg.item.garagen_stellplaetze_wert;41.65;50;
t_garagen_stellplaetze_hg.item.garagen_stellplaetze_wert.02;95.36;24;
t_garagen_stellplaetze_hg.item.garagen_stellplaetze_wert.03;99.93;2;
t_garagen_stellplaetze_hg.item.l_garagen_stellplaetze_hg;41.65;559;
t_garagen_stellplaetze_hg.item.l_garagen_stellplaetze_hg.02;95.36;52;
t_garagen_stellplaetze_hg.item.l_garagen_stellplaetze_hg.03;99.93;2;
t_gemarkung.item.alkis_response;0;577;
t_gemarkung.item.alkis_response.02;76.59;139;
t_gemarkung.item.alkis_response.03;90.42;41;
t_gemarkung.item.alkis_response.04;92.59;22;
t_gemarkung.item.alkis_response.05;94.66;11;
t_gemarkung.item.alkis_response.06;96.06;5;
t_gemarkung.item.alkis_response.07;97.49;2;
t_gemarkung.item.alkis_response.08;98.01;2;
t_gemarkung.item.alkis_response.09;98.78;1;
t_gemarkung.item.alkis_response.10;99.37;1;
t_gemarkung.item.alkis_response.11;99.37;1;
t_gemarkung.item.alkis_response.12;99.37;1;
t_gemarkung.item.flurnr;0;138;
t_gemarkung.item.flurnr.02;76.59;88;
t_gemarkung.item.flurnr.03;90.42;47;
t_gemarkung.item.flurnr.04;92.59;28;
t_gemarkung.item.flurnr.05;94.66;19;
t_gemarkung.item.flurnr.06;96.06;13;
t_gemarkung.item.flurnr.07;97.49;8;
t_gemarkung.item.flurnr.08;98.01;8;
t_gemarkung.item.flurnr.09;98.78;4;
t_gemarkung.item.flurnr.10;99.37;2;
t_gemarkung.item.flurnr.11;99.37;2;
t_gemarkung.item.flurnr.12;99.37;2;
t_gemarkung.item.flurstflaeche;0;828;
t_gemarkung.item.flurstflaeche.02;76.59;243;
t_gemarkung.item.flurstflaeche.03;90.42;98;
t_gemarkung.item.flurstflaeche.04;92.59;68;
t_gemarkung.item.flurstflaeche.05;94.66;50;
t_gemarkung.item.flurstflaeche.06;96.06;37;
t_gemarkung.item.flurstflaeche.07;97.49;23;
t_gemarkung.item.flurstflaeche.08;98.01;22;
t_gemarkung.item.flurstflaeche.09;98.78;16;
t_gemarkung.item.flurstflaeche.10;99.37;8;
t_gemarkung.item.flurstflaeche.11;99.37;8;
t_gemarkung.item.flurstflaeche.12;99.37;8;
t_gemarkung.item.flurstnenner;0;1;
t_gemarkung.item.flurstnenner.02;76.59;1;
t_gemarkung.item.flurstnenner.03;90.42;1;
t_gemarkung.item.flurstnenner.04;92.59;1;
t_gemarkung.item.flurstnenner.05;94.66;1;
t_gemarkung.item.flurstnenner.06;96.06;1;
t_gemarkung.item.flurstnenner.07;97.49;1;
t_gemarkung.item.flurstnenner.08;98.01;1;
t_gemarkung.item.flurstnenner.09;98.78;1;
t_gemarkung.item.flurstnenner.10;99.37;1;
t_gemarkung.item.flurstnenner.11;99.37;1;
t_gemarkung.item.flurstnenner.12;99.37;1;
t_gemarkung.item.flurstteilflaeche;0;830;
t_gemarkung.item.flurstteilflaeche.02;76.59;241;
t_gemarkung.item.flurstteilflaeche.03;90.42;98;
t_gemarkung.item.flurstteilflaeche.04;92.59;70;
t_gemarkung.item.flurstteilflaeche.05;94.66;51;
t_gemarkung.item.flurstteilflaeche.06;96.06;38;
t_gemarkung.item.flurstteilflaeche.07;97.49;23;
t_gemarkung.item.flurstteilflaeche.08;98.01;22;
t_gemarkung.item.flurstteilflaeche.09;98.78;16;
t_gemarkung.item.flurstteilflaeche.10;99.37;8;
t_gemarkung.item.flurstteilflaeche.11;99.37;8;
t_gemarkung.item.flurstteilflaeche.12;99.37;8;
t_gemarkung.item.flurstzaehler;0;677;
t_gemarkung.item.flurstzaehler.02;76.59;258;
t_gemarkung.item.flurstzaehler.03;90.42;100;
t_gemarkung.item.flurstzaehler.04;92.59;67;
t_gemarkung.item.flurstzaehler.05;94.66;49;
t_gemarkung.item.flurstzaehler.06;96.06;37;
t_gemarkung.item.flurstzaehler.07;97.49;22;
t_gemarkung.item.flurstzaehler.08;98.01;22;
t_gemarkung.item.flurstzaehler.09;98.78;17;
t_gemarkung.item.flurstzaehler.10;99.37;8;
t_gemarkung.item.flurstzaehler.11;99.37;8;
t_gemarkung.item.flurstzaehler.12;99.37;7;
t_gemarkung.item.gis_hide;0;2;
t_gemarkung.item.gis_hide.02;76.59;2;
t_gemarkung.item.gis_hide.03;90.42;2;
t_gemarkung.item.gis_hide.04;92.59;2;
t_gemarkung.item.gis_hide.05;94.66;2;
t_gemarkung.item.gis_hide.06;96.06;2;
t_gemarkung.item.gis_hide.07;97.49;2;
t_gemarkung.item.gis_hide.08;98.01;2;
t_gemarkung.item.gis_hide.09;98.78;2;
t_gemarkung.item.gis_hide.10;99.37;2;
t_gemarkung.item.gis_hide.11;99.37;2;
t_gemarkung.item.gis_hide.12;99.37;2;
t_gemarkung.item.hochwert;0;1051;Hochwert
t_gemarkung.item.hochwert.02;76.59;276;
t_gemarkung.item.hochwert.03;90.42;106;
t_gemarkung.item.hochwert.04;92.59;73;
t_gemarkung.item.hochwert.05;94.66;53;
t_gemarkung.item.hochwert.06;96.06;40;
t_gemarkung.item.hochwert.07;97.49;28;
t_gemarkung.item.hochwert.08;98.01;26;
t_gemarkung.item.hochwert.09;98.78;7;
t_gemarkung.item.hochwert.10;99.37;3;
t_gemarkung.item.hochwert.11;99.37;3;
t_gemarkung.item.hochwert.12;99.37;3;
t_gemarkung.item.l_bezugssystem;0;1;
t_gemarkung.item.l_bezugssystem.02;76.59;1;
t_gemarkung.item.l_bezugssystem.03;90.42;1;
t_gemarkung.item.l_bezugssystem.04;92.59;1;
t_gemarkung.item.l_bezugssystem.05;94.66;1;
t_gemarkung.item.l_bezugssystem.06;96.06;1;
t_gemarkung.item.l_bezugssystem.07;97.49;1;
t_gemarkung.item.l_bezugssystem.08;98.01;1;
t_gemarkung.item.l_bezugssystem.09;98.78;1;
t_gemarkung.item.l_bezugssystem.10;99.37;1;
t_gemarkung.item.l_bezugssystem.11;99.37;1;
t_gemarkung.item.l_bezugssystem.12;99.37;1;
t_gemarkung.item.l_gemarkung;0;7;
t_gemarkung.item.l_gemarkung.02;76.59;7;
t_gemarkung.item.l_gemarkung.03;90.42;6;
t_gemarkung.item.l_gemarkung.04;92.59;4;
t_gemarkung.item.l_gemarkung.05;94.66;4;
t_gemarkung.item.l_gemarkung.06;96.06;4;
t_gemarkung.item.l_gemarkung.07;97.49;3;
t_gemarkung.item.l_gemarkung.08;98.01;3;
t_gemarkung.item.l_gemarkung.09;98.78;3;
t_gemarkung.item.l_gemarkung.10;99.37;2;
t_gemarkung.item.l_gemarkung.11;99.37;2;
t_gemarkung.item.l_gemarkung.12;99.37;2;
t_gemarkung.item.l_gemarkungnr;0;7;
t_gemarkung.item.l_gemarkungnr.02;76.59;7;
t_gemarkung.item.l_gemarkungnr.03;90.42;6;
t_gemarkung.item.l_gemarkungnr.04;92.59;4;
t_gemarkung.item.l_gemarkungnr.05;94.66;4;
t_gemarkung.item.l_gemarkungnr.06;96.06;4;
t_gemarkung.item.l_gemarkungnr.07;97.49;3;
t_gemarkung.item.l_gemarkungnr.08;98.01;3;
t_gemarkung.item.l_gemarkungnr.09;98.78;3;
t_gemarkung.item.l_gemarkungnr.10;99.37;2;
t_gemarkung.item.l_gemarkungnr.11;99.37;2;
t_gemarkung.item.l_gemarkungnr.12;99.37;2;
t_gemarkung.item.rechtswert;0;1054;Rechtswert
t_gemarkung.item.rechtswert.02;76.59;277;
t_gemarkung.item.rechtswert.03;90.42;107;
t_gemarkung.item.rechtswert.04;92.59;74;
t_gemarkung.item.rechtswert.05;94.66;54;
t_gemarkung.item.rechtswert.06;96.06;41;
t_gemarkung.item.rechtswert.07;97.49;29;
t_gemarkung.item.rechtswert.08;98.01;27;
t_gemarkung.item.rechtswert.09;98.78;7;
t_gemarkung.item.rechtswert.10;99.37;3;
t_gemarkung.item.rechtswert.11;99.37;3;
t_gemarkung.item.rechtswert.12;99.37;3;
t_grundbuch.item.grundbuchblatt;0.15;2416;
t_grundbuch.item.grundbuchblatt.02;76.74;567;
t_grundbuch.item.grundbuchblatt.03;93.84;140;
t_grundbuch.item.grundbuchblatt.04;95.47;96;
t_grundbuch.item.grundbuchblatt.05;96.61;68;
t_grundbuch.item.grundbuchblatt.06;96.9;60;
t_grundbuch.item.grundbuchblatt.07;97.42;46;
t_grundbuch.item.grundbuchblatt.08;97.53;43;
t_grundbuch.item.grundbuchblatt.09;98.23;36;
t_grundbuch.item.grundbuchblatt.10;98.27;36;
t_grundbuch.item.grundbuchblatt.100;99.96;1;
t_grundbuch.item.grundbuchblatt.11;98.3;34;
t_grundbuch.item.grundbuchblatt.110;99.96;1;
t_grundbuch.item.grundbuchblatt.111;99.96;1;
t_grundbuch.item.grundbuchblatt.112;99.96;1;
t_grundbuch.item.grundbuchblatt.113;99.96;1;
t_grundbuch.item.grundbuchblatt.114;99.96;1;
t_grundbuch.item.grundbuchblatt.115;99.96;1;
t_grundbuch.item.grundbuchblatt.116;99.96;1;
t_grundbuch.item.grundbuchblatt.117;99.96;1;
t_grundbuch.item.grundbuchblatt.118;99.96;1;
t_grundbuch.item.grundbuchblatt.119;99.96;1;
t_grundbuch.item.grundbuchblatt.12;98.34;33;
t_grundbuch.item.grundbuchblatt.120;99.96;1;
t_grundbuch.item.grundbuchblatt.121;99.96;1;
t_grundbuch.item.grundbuchblatt.122;99.96;1;
t_grundbuch.item.grundbuchblatt.123;99.96;1;
t_grundbuch.item.grundbuchblatt.124;99.96;1;
t_grundbuch.item.grundbuchblatt.125;99.96;1;
t_grundbuch.item.grundbuchblatt.126;99.96;1;
t_grundbuch.item.grundbuchblatt.127;99.96;1;
t_grundbuch.item.grundbuchblatt.128;99.96;1;
t_grundbuch.item.grundbuchblatt.129;99.96;1;
t_grundbuch.item.grundbuchblatt.13;98.42;31;
t_grundbuch.item.grundbuchblatt.130;99.96;1;
t_grundbuch.item.grundbuchblatt.131;99.96;1;
t_grundbuch.item.grundbuchblatt.132;99.96;1;
t_grundbuch.item.grundbuchblatt.133;99.96;1;
t_grundbuch.item.grundbuchblatt.134;99.96;1;
t_grundbuch.item.grundbuchblatt.135;99.96;1;
t_grundbuch.item.grundbuchblatt.136;99.96;1;
t_grundbuch.item.grundbuchblatt.137;99.96;1;
t_grundbuch.item.grundbuchblatt.138;99.96;1;
t_grundbuch.item.grundbuchblatt.139;99.96;1;
t_grundbuch.item.grundbuchblatt.14;98.42;31;
t_grundbuch.item.grundbuchblatt.140;99.96;1;
t_grundbuch.item.grundbuchblatt.141;99.96;1;
t_grundbuch.item.grundbuchblatt.142;99.96;1;
t_grundbuch.item.grundbuchblatt.143;99.96;1;
t_grundbuch.item.grundbuchblatt.144;99.96;1;
t_grundbuch.item.grundbuchblatt.145;99.96;1;
t_grundbuch.item.grundbuchblatt.146;99.96;1;
t_grundbuch.item.grundbuchblatt.147;99.96;1;
t_grundbuch.item.grundbuchblatt.148;99.96;1;
t_grundbuch.item.grundbuchblatt.149;99.96;1;
t_grundbuch.item.grundbuchblatt.15;98.71;29;
t_grundbuch.item.grundbuchblatt.150;99.96;1;
t_grundbuch.item.grundbuchblatt.151;99.96;1;
t_grundbuch.item.grundbuchblatt.152;99.96;1;
t_grundbuch.item.grundbuchblatt.153;99.96;1;
t_grundbuch.item.grundbuchblatt.154;99.96;1;
t_grundbuch.item.grundbuchblatt.155;99.96;1;
t_grundbuch.item.grundbuchblatt.156;99.96;1;
t_grundbuch.item.grundbuchblatt.157;99.96;1;
t_grundbuch.item.grundbuchblatt.158;99.96;1;
t_grundbuch.item.grundbuchblatt.159;99.96;1;
t_grundbuch.item.grundbuchblatt.16;98.75;28;
t_grundbuch.item.grundbuchblatt.160;99.96;1;
t_grundbuch.item.grundbuchblatt.161;99.96;1;
t_grundbuch.item.grundbuchblatt.162;99.96;1;
t_grundbuch.item.grundbuchblatt.163;99.96;1;
t_grundbuch.item.grundbuchblatt.164;99.96;1;
t_grundbuch.item.grundbuchblatt.165;99.96;1;
t_grundbuch.item.grundbuchblatt.166;99.96;1;
t_grundbuch.item.grundbuchblatt.167;99.96;1;
t_grundbuch.item.grundbuchblatt.168;99.96;1;
t_grundbuch.item.grundbuchblatt.169;99.96;1;
t_grundbuch.item.grundbuchblatt.17;98.82;25;
t_grundbuch.item.grundbuchblatt.170;99.96;1;
t_grundbuch.item.grundbuchblatt.171;99.96;1;
t_grundbuch.item.grundbuchblatt.172;99.96;1;
t_grundbuch.item.grundbuchblatt.173;99.96;1;
t_grundbuch.item.grundbuchblatt.174;99.96;1;
t_grundbuch.item.grundbuchblatt.175;99.96;1;
t_grundbuch.item.grundbuchblatt.176;99.96;1;
t_grundbuch.item.grundbuchblatt.177;99.96;1;
t_grundbuch.item.grundbuchblatt.178;99.96;1;
t_grundbuch.item.grundbuchblatt.179;99.96;1;
t_grundbuch.item.grundbuchblatt.18;99;22;
t_grundbuch.item.grundbuchblatt.180;99.96;1;
t_grundbuch.item.grundbuchblatt.181;99.96;1;
t_grundbuch.item.grundbuchblatt.182;99.96;1;
t_grundbuch.item.grundbuchblatt.183;99.96;1;
t_grundbuch.item.grundbuchblatt.184;99.96;1;
t_grundbuch.item.grundbuchblatt.185;99.96;1;
t_grundbuch.item.grundbuchblatt.186;99.96;1;
t_grundbuch.item.grundbuchblatt.187;99.96;1;
t_grundbuch.item.grundbuchblatt.188;99.96;1;
t_grundbuch.item.grundbuchblatt.189;99.96;1;
t_grundbuch.item.grundbuchblatt.19;99.08;20;
t_grundbuch.item.grundbuchblatt.190;99.96;1;
t_grundbuch.item.grundbuchblatt.191;99.96;1;
t_grundbuch.item.grundbuchblatt.192;99.96;1;
t_grundbuch.item.grundbuchblatt.193;99.96;1;
t_grundbuch.item.grundbuchblatt.194;99.96;1;
t_grundbuch.item.grundbuchblatt.195;99.96;1;
t_grundbuch.item.grundbuchblatt.196;99.96;1;
t_grundbuch.item.grundbuchblatt.197;99.96;1;
t_grundbuch.item.grundbuchblatt.198;99.96;1;
t_grundbuch.item.grundbuchblatt.199;99.96;1;
t_grundbuch.item.grundbuchblatt.20;99.08;20;
t_grundbuch.item.grundbuchblatt.200;99.96;1;
t_grundbuch.item.grundbuchblatt.201;99.96;1;
t_grundbuch.item.grundbuchblatt.202;99.96;1;
t_grundbuch.item.grundbuchblatt.203;99.96;1;
t_grundbuch.item.grundbuchblatt.204;99.96;1;
t_grundbuch.item.grundbuchblatt.205;99.96;1;
t_grundbuch.item.grundbuchblatt.206;99.96;1;
t_grundbuch.item.grundbuchblatt.207;99.96;1;
t_grundbuch.item.grundbuchblatt.208;99.96;1;
t_grundbuch.item.grundbuchblatt.209;99.96;1;
t_grundbuch.item.grundbuchblatt.21;99.12;18;
t_grundbuch.item.grundbuchblatt.210;99.96;1;
t_grundbuch.item.grundbuchblatt.211;99.96;1;
t_grundbuch.item.grundbuchblatt.212;99.96;1;
t_grundbuch.item.grundbuchblatt.213;99.96;1;
t_grundbuch.item.grundbuchblatt.214;99.96;1;
t_grundbuch.item.grundbuchblatt.215;99.96;1;
t_grundbuch.item.grundbuchblatt.216;99.96;1;
t_grundbuch.item.grundbuchblatt.217;99.96;1;
t_grundbuch.item.grundbuchblatt.218;99.96;1;
t_grundbuch.item.grundbuchblatt.219;99.96;1;
t_grundbuch.item.grundbuchblatt.22;99.15;18;
t_grundbuch.item.grundbuchblatt.220;99.96;1;
t_grundbuch.item.grundbuchblatt.221;99.96;1;
t_grundbuch.item.grundbuchblatt.222;99.96;1;
t_grundbuch.item.grundbuchblatt.223;99.96;1;
t_grundbuch.item.grundbuchblatt.224;99.96;1;
t_grundbuch.item.grundbuchblatt.225;99.96;1;
t_grundbuch.item.grundbuchblatt.226;99.96;1;
t_grundbuch.item.grundbuchblatt.227;99.96;1;
t_grundbuch.item.grundbuchblatt.228;99.96;1;
t_grundbuch.item.grundbuchblatt.229;99.96;1;
t_grundbuch.item.grundbuchblatt.23;99.15;18;
t_grundbuch.item.grundbuchblatt.230;99.96;1;
t_grundbuch.item.grundbuchblatt.231;99.96;1;
t_grundbuch.item.grundbuchblatt.232;99.96;1;
t_grundbuch.item.grundbuchblatt.233;99.96;1;
t_grundbuch.item.grundbuchblatt.234;99.96;1;
t_grundbuch.item.grundbuchblatt.235;99.96;1;
t_grundbuch.item.grundbuchblatt.236;99.96;1;
t_grundbuch.item.grundbuchblatt.237;99.96;1;
t_grundbuch.item.grundbuchblatt.238;99.96;1;
t_grundbuch.item.grundbuchblatt.239;99.96;1;
t_grundbuch.item.grundbuchblatt.24;99.15;18;
t_grundbuch.item.grundbuchblatt.240;99.96;1;
t_grundbuch.item.grundbuchblatt.241;99.96;1;
t_grundbuch.item.grundbuchblatt.242;99.96;1;
t_grundbuch.item.grundbuchblatt.243;99.96;1;
t_grundbuch.item.grundbuchblatt.244;99.96;1;
t_grundbuch.item.grundbuchblatt.245;99.96;1;
t_grundbuch.item.grundbuchblatt.246;99.96;1;
t_grundbuch.item.grundbuchblatt.247;99.96;1;
t_grundbuch.item.grundbuchblatt.248;99.96;1;
t_grundbuch.item.grundbuchblatt.249;99.96;1;
t_grundbuch.item.grundbuchblatt.25;99.23;16;
t_grundbuch.item.grundbuchblatt.250;99.96;1;
t_grundbuch.item.grundbuchblatt.251;99.96;1;
t_grundbuch.item.grundbuchblatt.252;99.96;1;
t_grundbuch.item.grundbuchblatt.253;99.96;1;
t_grundbuch.item.grundbuchblatt.254;99.96;1;
t_grundbuch.item.grundbuchblatt.255;99.96;1;
t_grundbuch.item.grundbuchblatt.256;99.96;1;
t_grundbuch.item.grundbuchblatt.257;99.96;1;
t_grundbuch.item.grundbuchblatt.258;99.96;1;
t_grundbuch.item.grundbuchblatt.259;99.96;1;
t_grundbuch.item.grundbuchblatt.26;99.26;16;
t_grundbuch.item.grundbuchblatt.260;99.96;1;
t_grundbuch.item.grundbuchblatt.261;99.96;1;
t_grundbuch.item.grundbuchblatt.262;99.96;1;
t_grundbuch.item.grundbuchblatt.263;99.96;1;
t_grundbuch.item.grundbuchblatt.264;99.96;1;
t_grundbuch.item.grundbuchblatt.265;99.96;1;
t_grundbuch.item.grundbuchblatt.266;99.96;1;
t_grundbuch.item.grundbuchblatt.267;99.96;1;
t_grundbuch.item.grundbuchblatt.268;99.96;1;
t_grundbuch.item.grundbuchblatt.269;99.96;1;
t_grundbuch.item.grundbuchblatt.27;99.26;14;
t_grundbuch.item.grundbuchblatt.270;99.96;1;
t_grundbuch.item.grundbuchblatt.271;99.96;1;
t_grundbuch.item.grundbuchblatt.272;99.96;1;
t_grundbuch.item.grundbuchblatt.273;99.96;1;
t_grundbuch.item.grundbuchblatt.274;99.96;1;
t_grundbuch.item.grundbuchblatt.275;99.96;1;
t_grundbuch.item.grundbuchblatt.276;99.96;1;
t_grundbuch.item.grundbuchblatt.277;99.96;1;
t_grundbuch.item.grundbuchblatt.278;99.96;1;
t_grundbuch.item.grundbuchblatt.279;99.96;1;
t_grundbuch.item.grundbuchblatt.28;99.34;14;
t_grundbuch.item.grundbuchblatt.280;99.96;1;
t_grundbuch.item.grundbuchblatt.281;99.96;1;
t_grundbuch.item.grundbuchblatt.282;99.96;1;
t_grundbuch.item.grundbuchblatt.283;99.96;1;
t_grundbuch.item.grundbuchblatt.284;99.96;1;
t_grundbuch.item.grundbuchblatt.285;99.96;1;
t_grundbuch.item.grundbuchblatt.286;99.96;1;
t_grundbuch.item.grundbuchblatt.287;99.96;1;
t_grundbuch.item.grundbuchblatt.288;99.96;1;
t_grundbuch.item.grundbuchblatt.289;99.96;1;
t_grundbuch.item.grundbuchblatt.29;99.45;12;
t_grundbuch.item.grundbuchblatt.290;99.96;1;
t_grundbuch.item.grundbuchblatt.291;99.96;1;
t_grundbuch.item.grundbuchblatt.292;99.96;1;
t_grundbuch.item.grundbuchblatt.293;99.96;1;
t_grundbuch.item.grundbuchblatt.294;99.96;1;
t_grundbuch.item.grundbuchblatt.295;99.96;1;
t_grundbuch.item.grundbuchblatt.296;99.96;1;
t_grundbuch.item.grundbuchblatt.297;99.96;1;
t_grundbuch.item.grundbuchblatt.298;99.96;1;
t_grundbuch.item.grundbuchblatt.299;99.96;1;
t_grundbuch.item.grundbuchblatt.30;99.48;11;
t_grundbuch.item.grundbuchblatt.300;99.96;1;
t_grundbuch.item.grundbuchblatt.301;99.96;1;
t_grundbuch.item.grundbuchblatt.302;99.96;1;
t_grundbuch.item.grundbuchblatt.303;99.96;1;
t_grundbuch.item.grundbuchblatt.304;99.96;1;
t_grundbuch.item.grundbuchblatt.305;99.96;1;
t_grundbuch.item.grundbuchblatt.306;99.96;1;
t_grundbuch.item.grundbuchblatt.307;99.96;1;
t_grundbuch.item.grundbuchblatt.308;99.96;1;
t_grundbuch.item.grundbuchblatt.309;99.96;1;
t_grundbuch.item.grundbuchblatt.31;99.48;11;
t_grundbuch.item.grundbuchblatt.310;99.96;1;
t_grundbuch.item.grundbuchblatt.311;99.96;1;
t_grundbuch.item.grundbuchblatt.312;99.96;1;
t_grundbuch.item.grundbuchblatt.313;99.96;1;
t_grundbuch.item.grundbuchblatt.314;99.96;1;
t_grundbuch.item.grundbuchblatt.315;99.96;1;
t_grundbuch.item.grundbuchblatt.316;99.96;1;
t_grundbuch.item.grundbuchblatt.317;99.96;1;
t_grundbuch.item.grundbuchblatt.318;99.96;1;
t_grundbuch.item.grundbuchblatt.319;99.96;1;
t_grundbuch.item.grundbuchblatt.32;99.48;11;
t_grundbuch.item.grundbuchblatt.320;99.96;1;
t_grundbuch.item.grundbuchblatt.321;99.96;1;
t_grundbuch.item.grundbuchblatt.322;99.96;1;
t_grundbuch.item.grundbuchblatt.323;99.96;1;
t_grundbuch.item.grundbuchblatt.324;99.96;1;
t_grundbuch.item.grundbuchblatt.325;99.96;1;
t_grundbuch.item.grundbuchblatt.326;99.96;1;
t_grundbuch.item.grundbuchblatt.327;99.96;1;
t_grundbuch.item.grundbuchblatt.328;99.96;1;
t_grundbuch.item.grundbuchblatt.329;99.96;1;
t_grundbuch.item.grundbuchblatt.33;99.48;11;
t_grundbuch.item.grundbuchblatt.330;99.96;1;
t_grundbuch.item.grundbuchblatt.331;99.96;1;
t_grundbuch.item.grundbuchblatt.332;99.96;1;
t_grundbuch.item.grundbuchblatt.333;99.96;1;
t_grundbuch.item.grundbuchblatt.334;99.96;1;
t_grundbuch.item.grundbuchblatt.335;99.96;1;
t_grundbuch.item.grundbuchblatt.336;99.96;1;
t_grundbuch.item.grundbuchblatt.337;99.96;1;
t_grundbuch.item.grundbuchblatt.338;99.96;1;
t_grundbuch.item.grundbuchblatt.339;99.96;1;
t_grundbuch.item.grundbuchblatt.34;99.52;10;
t_grundbuch.item.grundbuchblatt.340;99.96;1;
t_grundbuch.item.grundbuchblatt.341;99.96;1;
t_grundbuch.item.grundbuchblatt.342;99.96;1;
t_grundbuch.item.grundbuchblatt.343;99.96;1;
t_grundbuch.item.grundbuchblatt.344;99.96;1;
t_grundbuch.item.grundbuchblatt.345;99.96;1;
t_grundbuch.item.grundbuchblatt.346;99.96;1;
t_grundbuch.item.grundbuchblatt.347;99.96;1;
t_grundbuch.item.grundbuchblatt.348;99.96;1;
t_grundbuch.item.grundbuchblatt.349;99.96;1;
t_grundbuch.item.grundbuchblatt.35;99.52;10;
t_grundbuch.item.grundbuchblatt.350;99.96;1;
t_grundbuch.item.grundbuchblatt.351;99.96;1;
t_grundbuch.item.grundbuchblatt.352;99.96;1;
t_grundbuch.item.grundbuchblatt.353;99.96;1;
t_grundbuch.item.grundbuchblatt.354;99.96;1;
t_grundbuch.item.grundbuchblatt.355;99.96;1;
t_grundbuch.item.grundbuchblatt.356;99.96;1;
t_grundbuch.item.grundbuchblatt.357;99.96;1;
t_grundbuch.item.grundbuchblatt.358;99.96;1;
t_grundbuch.item.grundbuchblatt.359;99.96;1;
t_grundbuch.item.grundbuchblatt.36;99.59;9;
t_grundbuch.item.grundbuchblatt.360;99.96;1;
t_grundbuch.item.grundbuchblatt.361;99.96;1;
t_grundbuch.item.grundbuchblatt.362;99.96;1;
t_grundbuch.item.grundbuchblatt.363;99.96;1;
t_grundbuch.item.grundbuchblatt.364;99.96;1;
t_grundbuch.item.grundbuchblatt.365;99.96;1;
t_grundbuch.item.grundbuchblatt.366;99.96;1;
t_grundbuch.item.grundbuchblatt.367;99.96;1;
t_grundbuch.item.grundbuchblatt.368;99.96;1;
t_grundbuch.item.grundbuchblatt.369;99.96;1;
t_grundbuch.item.grundbuchblatt.37;99.59;9;
t_grundbuch.item.grundbuchblatt.370;99.96;1;
t_grundbuch.item.grundbuchblatt.371;99.96;1;
t_grundbuch.item.grundbuchblatt.372;99.96;1;
t_grundbuch.item.grundbuchblatt.373;99.96;1;
t_grundbuch.item.grundbuchblatt.374;99.96;1;
t_grundbuch.item.grundbuchblatt.375;99.96;1;
t_grundbuch.item.grundbuchblatt.376;99.96;1;
t_grundbuch.item.grundbuchblatt.377;99.96;1;
t_grundbuch.item.grundbuchblatt.378;99.96;1;
t_grundbuch.item.grundbuchblatt.379;99.96;1;
t_grundbuch.item.grundbuchblatt.38;99.59;9;
t_grundbuch.item.grundbuchblatt.380;99.96;1;
t_grundbuch.item.grundbuchblatt.381;99.96;1;
t_grundbuch.item.grundbuchblatt.382;99.96;1;
t_grundbuch.item.grundbuchblatt.383;99.96;1;
t_grundbuch.item.grundbuchblatt.384;99.96;1;
t_grundbuch.item.grundbuchblatt.385;99.96;1;
t_grundbuch.item.grundbuchblatt.386;99.96;1;
t_grundbuch.item.grundbuchblatt.387;99.96;1;
t_grundbuch.item.grundbuchblatt.388;99.96;1;
t_grundbuch.item.grundbuchblatt.389;99.96;1;
t_grundbuch.item.grundbuchblatt.39;99.59;9;
t_grundbuch.item.grundbuchblatt.390;99.96;1;
t_grundbuch.item.grundbuchblatt.391;99.96;1;
t_grundbuch.item.grundbuchblatt.392;99.96;1;
t_grundbuch.item.grundbuchblatt.393;99.96;1;
t_grundbuch.item.grundbuchblatt.394;99.96;1;
t_grundbuch.item.grundbuchblatt.395;99.96;1;
t_grundbuch.item.grundbuchblatt.396;99.96;1;
t_grundbuch.item.grundbuchblatt.397;99.96;1;
t_grundbuch.item.grundbuchblatt.398;99.96;1;
t_grundbuch.item.grundbuchblatt.399;99.96;1;
t_grundbuch.item.grundbuchblatt.40;99.67;8;
t_grundbuch.item.grundbuchblatt.400;99.96;1;
t_grundbuch.item.grundbuchblatt.401;99.96;1;
t_grundbuch.item.grundbuchblatt.402;99.96;1;
t_grundbuch.item.grundbuchblatt.403;99.96;1;
t_grundbuch.item.grundbuchblatt.404;99.96;1;
t_grundbuch.item.grundbuchblatt.405;99.96;1;
t_grundbuch.item.grundbuchblatt.406;99.96;1;
t_grundbuch.item.grundbuchblatt.407;99.96;1;
t_grundbuch.item.grundbuchblatt.408;99.96;1;
t_grundbuch.item.grundbuchblatt.409;99.96;1;
t_grundbuch.item.grundbuchblatt.41;99.67;8;
t_grundbuch.item.grundbuchblatt.410;99.96;1;
t_grundbuch.item.grundbuchblatt.411;99.96;1;
t_grundbuch.item.grundbuchblatt.412;99.96;1;
t_grundbuch.item.grundbuchblatt.413;99.96;1;
t_grundbuch.item.grundbuchblatt.414;99.96;1;
t_grundbuch.item.grundbuchblatt.415;99.96;1;
t_grundbuch.item.grundbuchblatt.416;99.96;1;
t_grundbuch.item.grundbuchblatt.417;99.96;1;
t_grundbuch.item.grundbuchblatt.418;99.96;1;
t_grundbuch.item.grundbuchblatt.419;99.96;1;
t_grundbuch.item.grundbuchblatt.42;99.67;8;
t_grundbuch.item.grundbuchblatt.420;99.96;1;
t_grundbuch.item.grundbuchblatt.421;99.96;1;
t_grundbuch.item.grundbuchblatt.422;99.96;1;
t_grundbuch.item.grundbuchblatt.423;99.96;1;
t_grundbuch.item.grundbuchblatt.424;99.96;1;
t_grundbuch.item.grundbuchblatt.425;99.96;1;
t_grundbuch.item.grundbuchblatt.426;99.96;1;
t_grundbuch.item.grundbuchblatt.427;99.96;1;
t_grundbuch.item.grundbuchblatt.428;99.96;1;
t_grundbuch.item.grundbuchblatt.429;99.96;1;
t_grundbuch.item.grundbuchblatt.43;99.67;8;
t_grundbuch.item.grundbuchblatt.430;99.96;1;
t_grundbuch.item.grundbuchblatt.431;99.96;1;
t_grundbuch.item.grundbuchblatt.432;99.96;1;
t_grundbuch.item.grundbuchblatt.433;99.96;1;
t_grundbuch.item.grundbuchblatt.434;99.96;1;
t_grundbuch.item.grundbuchblatt.435;99.96;1;
t_grundbuch.item.grundbuchblatt.436;99.96;1;
t_grundbuch.item.grundbuchblatt.437;99.96;1;
t_grundbuch.item.grundbuchblatt.438;99.96;1;
t_grundbuch.item.grundbuchblatt.439;99.96;1;
t_grundbuch.item.grundbuchblatt.44;99.67;8;
t_grundbuch.item.grundbuchblatt.440;99.96;1;
t_grundbuch.item.grundbuchblatt.441;99.96;1;
t_grundbuch.item.grundbuchblatt.442;99.96;1;
t_grundbuch.item.grundbuchblatt.443;99.96;1;
t_grundbuch.item.grundbuchblatt.444;99.96;1;
t_grundbuch.item.grundbuchblatt.445;99.96;1;
t_grundbuch.item.grundbuchblatt.446;99.96;1;
t_grundbuch.item.grundbuchblatt.447;99.96;1;
t_grundbuch.item.grundbuchblatt.448;99.96;1;
t_grundbuch.item.grundbuchblatt.449;99.96;1;
t_grundbuch.item.grundbuchblatt.45;99.67;8;
t_grundbuch.item.grundbuchblatt.450;99.96;1;
t_grundbuch.item.grundbuchblatt.451;99.96;1;
t_grundbuch.item.grundbuchblatt.452;99.96;1;
t_grundbuch.item.grundbuchblatt.453;99.96;1;
t_grundbuch.item.grundbuchblatt.454;99.96;1;
t_grundbuch.item.grundbuchblatt.455;99.96;1;
t_grundbuch.item.grundbuchblatt.456;99.96;1;
t_grundbuch.item.grundbuchblatt.457;99.96;1;
t_grundbuch.item.grundbuchblatt.458;99.96;1;
t_grundbuch.item.grundbuchblatt.459;99.96;1;
t_grundbuch.item.grundbuchblatt.46;99.71;7;
t_grundbuch.item.grundbuchblatt.460;99.96;1;
t_grundbuch.item.grundbuchblatt.461;99.96;1;
t_grundbuch.item.grundbuchblatt.462;99.96;1;
t_grundbuch.item.grundbuchblatt.463;99.96;1;
t_grundbuch.item.grundbuchblatt.464;99.96;1;
t_grundbuch.item.grundbuchblatt.465;99.96;1;
t_grundbuch.item.grundbuchblatt.466;99.96;1;
t_grundbuch.item.grundbuchblatt.467;99.96;1;
t_grundbuch.item.grundbuchblatt.468;99.96;1;
t_grundbuch.item.grundbuchblatt.469;99.96;1;
t_grundbuch.item.grundbuchblatt.47;99.71;7;
t_grundbuch.item.grundbuchblatt.470;99.96;1;
t_grundbuch.item.grundbuchblatt.471;99.96;1;
t_grundbuch.item.grundbuchblatt.472;99.96;1;
t_grundbuch.item.grundbuchblatt.473;99.96;1;
t_grundbuch.item.grundbuchblatt.474;99.96;1;
t_grundbuch.item.grundbuchblatt.475;99.96;1;
t_grundbuch.item.grundbuchblatt.476;99.96;1;
t_grundbuch.item.grundbuchblatt.477;99.96;1;
t_grundbuch.item.grundbuchblatt.478;99.96;1;
t_grundbuch.item.grundbuchblatt.479;99.96;1;
t_grundbuch.item.grundbuchblatt.48;99.71;7;
t_grundbuch.item.grundbuchblatt.480;99.96;1;
t_grundbuch.item.grundbuchblatt.481;99.96;1;
t_grundbuch.item.grundbuchblatt.482;99.96;1;
t_grundbuch.item.grundbuchblatt.483;99.96;1;
t_grundbuch.item.grundbuchblatt.484;99.96;1;
t_grundbuch.item.grundbuchblatt.485;99.96;1;
t_grundbuch.item.grundbuchblatt.486;99.96;1;
t_grundbuch.item.grundbuchblatt.487;99.96;1;
t_grundbuch.item.grundbuchblatt.488;99.96;1;
t_grundbuch.item.grundbuchblatt.489;99.96;1;
t_grundbuch.item.grundbuchblatt.49;99.71;7;
t_grundbuch.item.grundbuchblatt.490;99.96;1;
t_grundbuch.item.grundbuchblatt.491;99.96;1;
t_grundbuch.item.grundbuchblatt.492;99.96;1;
t_grundbuch.item.grundbuchblatt.493;99.96;1;
t_grundbuch.item.grundbuchblatt.494;99.96;1;
t_grundbuch.item.grundbuchblatt.495;99.96;1;
t_grundbuch.item.grundbuchblatt.496;99.96;1;
t_grundbuch.item.grundbuchblatt.497;99.96;1;
t_grundbuch.item.grundbuchblatt.498;99.96;1;
t_grundbuch.item.grundbuchblatt.499;99.96;1;
t_grundbuch.item.grundbuchblatt.50;99.71;7;
t_grundbuch.item.grundbuchblatt.500;99.96;1;
t_grundbuch.item.grundbuchblatt.501;99.96;1;
t_grundbuch.item.grundbuchblatt.502;99.96;1;
t_grundbuch.item.grundbuchblatt.503;99.96;1;
t_grundbuch.item.grundbuchblatt.504;99.96;1;
t_grundbuch.item.grundbuchblatt.505;99.96;1;
t_grundbuch.item.grundbuchblatt.506;99.96;1;
t_grundbuch.item.grundbuchblatt.507;99.96;1;
t_grundbuch.item.grundbuchblatt.508;99.96;1;
t_grundbuch.item.grundbuchblatt.509;99.96;1;
t_grundbuch.item.grundbuchblatt.51;99.71;7;
t_grundbuch.item.grundbuchblatt.510;99.96;1;
t_grundbuch.item.grundbuchblatt.511;99.96;1;
t_grundbuch.item.grundbuchblatt.512;99.96;1;
t_grundbuch.item.grundbuchblatt.513;99.96;1;
t_grundbuch.item.grundbuchblatt.514;99.96;1;
t_grundbuch.item.grundbuchblatt.515;99.96;1;
t_grundbuch.item.grundbuchblatt.516;99.96;1;
t_grundbuch.item.grundbuchblatt.517;99.96;1;
t_grundbuch.item.grundbuchblatt.518;99.96;1;
t_grundbuch.item.grundbuchblatt.519;99.96;1;
t_grundbuch.item.grundbuchblatt.52;99.71;7;
t_grundbuch.item.grundbuchblatt.520;99.96;1;
t_grundbuch.item.grundbuchblatt.521;99.96;1;
t_grundbuch.item.grundbuchblatt.522;99.96;1;
t_grundbuch.item.grundbuchblatt.523;99.96;1;
t_grundbuch.item.grundbuchblatt.524;99.96;1;
t_grundbuch.item.grundbuchblatt.525;99.96;1;
t_grundbuch.item.grundbuchblatt.526;99.96;1;
t_grundbuch.item.grundbuchblatt.527;99.96;1;
t_grundbuch.item.grundbuchblatt.528;99.96;1;
t_grundbuch.item.grundbuchblatt.529;99.96;1;
t_grundbuch.item.grundbuchblatt.53;99.71;7;
t_grundbuch.item.grundbuchblatt.530;99.96;1;
t_grundbuch.item.grundbuchblatt.531;99.96;1;
t_grundbuch.item.grundbuchblatt.532;99.96;1;
t_grundbuch.item.grundbuchblatt.533;99.96;1;
t_grundbuch.item.grundbuchblatt.534;99.96;1;
t_grundbuch.item.grundbuchblatt.535;99.96;1;
t_grundbuch.item.grundbuchblatt.536;99.96;1;
t_grundbuch.item.grundbuchblatt.537;99.96;1;
t_grundbuch.item.grundbuchblatt.538;99.96;1;
t_grundbuch.item.grundbuchblatt.539;99.96;1;
t_grundbuch.item.grundbuchblatt.54;99.71;7;
t_grundbuch.item.grundbuchblatt.540;99.96;1;
t_grundbuch.item.grundbuchblatt.541;99.96;1;
t_grundbuch.item.grundbuchblatt.542;99.96;1;
t_grundbuch.item.grundbuchblatt.543;99.96;1;
t_grundbuch.item.grundbuchblatt.544;99.96;1;
t_grundbuch.item.grundbuchblatt.545;99.96;1;
t_grundbuch.item.grundbuchblatt.546;99.96;1;
t_grundbuch.item.grundbuchblatt.547;99.96;1;
t_grundbuch.item.grundbuchblatt.548;99.96;1;
t_grundbuch.item.grundbuchblatt.549;99.96;1;
t_grundbuch.item.grundbuchblatt.55;99.74;6;
t_grundbuch.item.grundbuchblatt.550;99.96;1;
t_grundbuch.item.grundbuchblatt.551;99.96;1;
t_grundbuch.item.grundbuchblatt.552;99.96;1;
t_grundbuch.item.grundbuchblatt.553;99.96;1;
t_grundbuch.item.grundbuchblatt.554;99.96;1;
t_grundbuch.item.grundbuchblatt.555;99.96;1;
t_grundbuch.item.grundbuchblatt.556;99.96;1;
t_grundbuch.item.grundbuchblatt.557;99.96;1;
t_grundbuch.item.grundbuchblatt.558;99.96;1;
t_grundbuch.item.grundbuchblatt.559;99.96;1;
t_grundbuch.item.grundbuchblatt.56;99.74;6;
t_grundbuch.item.grundbuchblatt.560;99.96;1;
t_grundbuch.item.grundbuchblatt.561;99.96;1;
t_grundbuch.item.grundbuchblatt.562;99.96;1;
t_grundbuch.item.grundbuchblatt.57;99.74;7;
t_grundbuch.item.grundbuchblatt.58;99.74;7;
t_grundbuch.item.grundbuchblatt.59;99.74;7;
t_grundbuch.item.grundbuchblatt.60;99.74;7;
t_grundbuch.item.grundbuchblatt.61;99.74;7;
t_grundbuch.item.grundbuchblatt.62;99.74;7;
t_grundbuch.item.grundbuchblatt.63;99.74;7;
t_grundbuch.item.grundbuchblatt.64;99.78;6;
t_grundbuch.item.grundbuchblatt.65;99.78;6;
t_grundbuch.item.grundbuchblatt.66;99.78;5;
t_grundbuch.item.grundbuchblatt.67;99.78;5;
t_grundbuch.item.grundbuchblatt.68;99.78;5;
t_grundbuch.item.grundbuchblatt.69;99.82;4;
t_grundbuch.item.grundbuchblatt.70;99.82;4;
t_grundbuch.item.grundbuchblatt.71;99.82;4;
t_grundbuch.item.grundbuchblatt.72;99.82;4;
t_grundbuch.item.grundbuchblatt.73;99.85;3;
t_grundbuch.item.grundbuchblatt.74;99.85;3;
t_grundbuch.item.grundbuchblatt.75;99.85;3;
t_grundbuch.item.grundbuchblatt.76;99.85;3;
t_grundbuch.item.grundbuchblatt.77;99.85;3;
t_grundbuch.item.grundbuchblatt.78;99.85;3;
t_grundbuch.item.grundbuchblatt.79;99.85;3;
t_grundbuch.item.grundbuchblatt.80;99.85;3;
t_grundbuch.item.grundbuchblatt.81;99.85;3;
t_grundbuch.item.grundbuchblatt.82;99.85;3;
t_grundbuch.item.grundbuchblatt.83;99.85;3;
t_grundbuch.item.grundbuchblatt.84;99.85;3;
t_grundbuch.item.grundbuchblatt.85;99.89;2;
t_grundbuch.item.grundbuchblatt.86;99.89;2;
t_grundbuch.item.grundbuchblatt.87;99.89;2;
t_grundbuch.item.grundbuchblatt.88;99.89;2;
t_grundbuch.item.grundbuchblatt.89;99.89;2;
t_grundbuch.item.grundbuchblatt.90;99.89;2;
t_grundbuch.item.grundbuchblatt.91;99.89;2;
t_grundbuch.item.grundbuchblatt.92;99.89;2;
t_grundbuch.item.grundbuchblatt.93;99.89;2;
t_grundbuch.item.grundbuchblatt.94;99.89;2;
t_grundbuch.item.grundbuchblatt.95;99.89;2;
t_grundbuch.item.grundbuchblatt.96;99.96;1;
t_grundbuch.item.grundbuchblatt.97;99.96;1;
t_grundbuch.item.grundbuchblatt.98;99.96;1;
t_grundbuch.item.grundbuchblatt.99;99.96;1;
t_grundbuch.item.l_grundbuch;0.15;7;
t_grundbuch.item.l_grundbuch.02;76.74;7;
t_grundbuch.item.l_grundbuch.03;93.84;6;
t_grundbuch.item.l_grundbuch.04;95.47;5;
t_grundbuch.item.l_grundbuch.05;96.61;5;
t_grundbuch.item.l_grundbuch.06;96.9;5;
t_grundbuch.item.l_grundbuch.07;97.42;4;
t_grundbuch.item.l_grundbuch.08;97.53;4;
t_grundbuch.item.l_grundbuch.09;98.23;4;
t_grundbuch.item.l_grundbuch.10;98.27;4;
t_grundbuch.item.l_grundbuch.100;99.96;1;
t_grundbuch.item.l_grundbuch.11;98.3;4;
t_grundbuch.item.l_grundbuch.110;99.96;1;
t_grundbuch.item.l_grundbuch.111;99.96;1;
t_grundbuch.item.l_grundbuch.112;99.96;1;
t_grundbuch.item.l_grundbuch.113;99.96;1;
t_grundbuch.item.l_grundbuch.114;99.96;1;
t_grundbuch.item.l_grundbuch.115;99.96;1;
t_grundbuch.item.l_grundbuch.116;99.96;1;
t_grundbuch.item.l_grundbuch.117;99.96;1;
t_grundbuch.item.l_grundbuch.118;99.96;1;
t_grundbuch.item.l_grundbuch.119;99.96;1;
t_grundbuch.item.l_grundbuch.12;98.34;4;
t_grundbuch.item.l_grundbuch.120;99.96;1;
t_grundbuch.item.l_grundbuch.121;99.96;1;
t_grundbuch.item.l_grundbuch.122;99.96;1;
t_grundbuch.item.l_grundbuch.123;99.96;1;
t_grundbuch.item.l_grundbuch.124;99.96;1;
t_grundbuch.item.l_grundbuch.125;99.96;1;
t_grundbuch.item.l_grundbuch.126;99.96;1;
t_grundbuch.item.l_grundbuch.127;99.96;1;
t_grundbuch.item.l_grundbuch.128;99.96;1;
t_grundbuch.item.l_grundbuch.129;99.96;1;
t_grundbuch.item.l_grundbuch.13;98.42;4;
t_grundbuch.item.l_grundbuch.130;99.96;1;
t_grundbuch.item.l_grundbuch.131;99.96;1;
t_grundbuch.item.l_grundbuch.132;99.96;1;
t_grundbuch.item.l_grundbuch.133;99.96;1;
t_grundbuch.item.l_grundbuch.134;99.96;1;
t_grundbuch.item.l_grundbuch.135;99.96;1;
t_grundbuch.item.l_grundbuch.136;99.96;1;
t_grundbuch.item.l_grundbuch.137;99.96;1;
t_grundbuch.item.l_grundbuch.138;99.96;1;
t_grundbuch.item.l_grundbuch.139;99.96;1;
t_grundbuch.item.l_grundbuch.14;98.42;4;
t_grundbuch.item.l_grundbuch.140;99.96;1;
t_grundbuch.item.l_grundbuch.141;99.96;1;
t_grundbuch.item.l_grundbuch.142;99.96;1;
t_grundbuch.item.l_grundbuch.143;99.96;1;
t_grundbuch.item.l_grundbuch.144;99.96;1;
t_grundbuch.item.l_grundbuch.145;99.96;1;
t_grundbuch.item.l_grundbuch.146;99.96;1;
t_grundbuch.item.l_grundbuch.147;99.96;1;
t_grundbuch.item.l_grundbuch.148;99.96;1;
t_grundbuch.item.l_grundbuch.149;99.96;1;
t_grundbuch.item.l_grundbuch.15;98.71;4;
t_grundbuch.item.l_grundbuch.150;99.96;1;
t_grundbuch.item.l_grundbuch.151;99.96;1;
t_grundbuch.item.l_grundbuch.152;99.96;1;
t_grundbuch.item.l_grundbuch.153;99.96;1;
t_grundbuch.item.l_grundbuch.154;99.96;1;
t_grundbuch.item.l_grundbuch.155;99.96;1;
t_grundbuch.item.l_grundbuch.156;99.96;1;
t_grundbuch.item.l_grundbuch.157;99.96;1;
t_grundbuch.item.l_grundbuch.158;99.96;1;
t_grundbuch.item.l_grundbuch.159;99.96;1;
t_grundbuch.item.l_grundbuch.16;98.75;3;
t_grundbuch.item.l_grundbuch.160;99.96;1;
t_grundbuch.item.l_grundbuch.161;99.96;1;
t_grundbuch.item.l_grundbuch.162;99.96;1;
t_grundbuch.item.l_grundbuch.163;99.96;1;
t_grundbuch.item.l_grundbuch.164;99.96;1;
t_grundbuch.item.l_grundbuch.165;99.96;1;
t_grundbuch.item.l_grundbuch.166;99.96;1;
t_grundbuch.item.l_grundbuch.167;99.96;1;
t_grundbuch.item.l_grundbuch.168;99.96;1;
t_grundbuch.item.l_grundbuch.169;99.96;1;
t_grundbuch.item.l_grundbuch.17;98.82;3;
t_grundbuch.item.l_grundbuch.170;99.96;1;
t_grundbuch.item.l_grundbuch.171;99.96;1;
t_grundbuch.item.l_grundbuch.172;99.96;1;
t_grundbuch.item.l_grundbuch.173;99.96;1;
t_grundbuch.item.l_grundbuch.174;99.96;1;
t_grundbuch.item.l_grundbuch.175;99.96;1;
t_grundbuch.item.l_grundbuch.176;99.96;1;
t_grundbuch.item.l_grundbuch.177;99.96;1;
t_grundbuch.item.l_grundbuch.178;99.96;1;
t_grundbuch.item.l_grundbuch.179;99.96;1;
t_grundbuch.item.l_grundbuch.18;99;3;
t_grundbuch.item.l_grundbuch.180;99.96;1;
t_grundbuch.item.l_grundbuch.181;99.96;1;
t_grundbuch.item.l_grundbuch.182;99.96;1;
t_grundbuch.item.l_grundbuch.183;99.96;1;
t_grundbuch.item.l_grundbuch.184;99.96;1;
t_grundbuch.item.l_grundbuch.185;99.96;1;
t_grundbuch.item.l_grundbuch.186;99.96;1;
t_grundbuch.item.l_grundbuch.187;99.96;1;
t_grundbuch.item.l_grundbuch.188;99.96;1;
t_grundbuch.item.l_grundbuch.189;99.96;1;
t_grundbuch.item.l_grundbuch.19;99.08;3;
t_grundbuch.item.l_grundbuch.190;99.96;1;
t_grundbuch.item.l_grundbuch.191;99.96;1;
t_grundbuch.item.l_grundbuch.192;99.96;1;
t_grundbuch.item.l_grundbuch.193;99.96;1;
t_grundbuch.item.l_grundbuch.194;99.96;1;
t_grundbuch.item.l_grundbuch.195;99.96;1;
t_grundbuch.item.l_grundbuch.196;99.96;1;
t_grundbuch.item.l_grundbuch.197;99.96;1;
t_grundbuch.item.l_grundbuch.198;99.96;1;
t_grundbuch.item.l_grundbuch.199;99.96;1;
t_grundbuch.item.l_grundbuch.20;99.08;3;
t_grundbuch.item.l_grundbuch.200;99.96;1;
t_grundbuch.item.l_grundbuch.201;99.96;1;
t_grundbuch.item.l_grundbuch.202;99.96;1;
t_grundbuch.item.l_grundbuch.203;99.96;1;
t_grundbuch.item.l_grundbuch.204;99.96;1;
t_grundbuch.item.l_grundbuch.205;99.96;1;
t_grundbuch.item.l_grundbuch.206;99.96;1;
t_grundbuch.item.l_grundbuch.207;99.96;1;
t_grundbuch.item.l_grundbuch.208;99.96;1;
t_grundbuch.item.l_grundbuch.209;99.96;1;
t_grundbuch.item.l_grundbuch.21;99.12;3;
t_grundbuch.item.l_grundbuch.210;99.96;1;
t_grundbuch.item.l_grundbuch.211;99.96;1;
t_grundbuch.item.l_grundbuch.212;99.96;1;
t_grundbuch.item.l_grundbuch.213;99.96;1;
t_grundbuch.item.l_grundbuch.214;99.96;1;
t_grundbuch.item.l_grundbuch.215;99.96;1;
t_grundbuch.item.l_grundbuch.216;99.96;1;
t_grundbuch.item.l_grundbuch.217;99.96;1;
t_grundbuch.item.l_grundbuch.218;99.96;1;
t_grundbuch.item.l_grundbuch.219;99.96;1;
t_grundbuch.item.l_grundbuch.22;99.15;3;
t_grundbuch.item.l_grundbuch.220;99.96;1;
t_grundbuch.item.l_grundbuch.221;99.96;1;
t_grundbuch.item.l_grundbuch.222;99.96;1;
t_grundbuch.item.l_grundbuch.223;99.96;1;
t_grundbuch.item.l_grundbuch.224;99.96;1;
t_grundbuch.item.l_grundbuch.225;99.96;1;
t_grundbuch.item.l_grundbuch.226;99.96;1;
t_grundbuch.item.l_grundbuch.227;99.96;1;
t_grundbuch.item.l_grundbuch.228;99.96;1;
t_grundbuch.item.l_grundbuch.229;99.96;1;
t_grundbuch.item.l_grundbuch.23;99.15;3;
t_grundbuch.item.l_grundbuch.230;99.96;1;
t_grundbuch.item.l_grundbuch.231;99.96;1;
t_grundbuch.item.l_grundbuch.232;99.96;1;
t_grundbuch.item.l_grundbuch.233;99.96;1;
t_grundbuch.item.l_grundbuch.234;99.96;1;
t_grundbuch.item.l_grundbuch.235;99.96;1;
t_grundbuch.item.l_grundbuch.236;99.96;1;
t_grundbuch.item.l_grundbuch.237;99.96;1;
t_grundbuch.item.l_grundbuch.238;99.96;1;
t_grundbuch.item.l_grundbuch.239;99.96;1;
t_grundbuch.item.l_grundbuch.24;99.15;3;
t_grundbuch.item.l_grundbuch.240;99.96;1;
t_grundbuch.item.l_grundbuch.241;99.96;1;
t_grundbuch.item.l_grundbuch.242;99.96;1;
t_grundbuch.item.l_grundbuch.243;99.96;1;
t_grundbuch.item.l_grundbuch.244;99.96;1;
t_grundbuch.item.l_grundbuch.245;99.96;1;
t_grundbuch.item.l_grundbuch.246;99.96;1;
t_grundbuch.item.l_grundbuch.247;99.96;1;
t_grundbuch.item.l_grundbuch.248;99.96;1;
t_grundbuch.item.l_grundbuch.249;99.96;1;
t_grundbuch.item.l_grundbuch.25;99.23;3;
t_grundbuch.item.l_grundbuch.250;99.96;1;
t_grundbuch.item.l_grundbuch.251;99.96;1;
t_grundbuch.item.l_grundbuch.252;99.96;1;
t_grundbuch.item.l_grundbuch.253;99.96;1;
t_grundbuch.item.l_grundbuch.254;99.96;1;
t_grundbuch.item.l_grundbuch.255;99.96;1;
t_grundbuch.item.l_grundbuch.256;99.96;1;
t_grundbuch.item.l_grundbuch.257;99.96;1;
t_grundbuch.item.l_grundbuch.258;99.96;1;
t_grundbuch.item.l_grundbuch.259;99.96;1;
t_grundbuch.item.l_grundbuch.26;99.26;3;
t_grundbuch.item.l_grundbuch.260;99.96;1;
t_grundbuch.item.l_grundbuch.261;99.96;1;
t_grundbuch.item.l_grundbuch.262;99.96;1;
t_grundbuch.item.l_grundbuch.263;99.96;1;
t_grundbuch.item.l_grundbuch.264;99.96;1;
t_grundbuch.item.l_grundbuch.265;99.96;1;
t_grundbuch.item.l_grundbuch.266;99.96;1;
t_grundbuch.item.l_grundbuch.267;99.96;1;
t_grundbuch.item.l_grundbuch.268;99.96;1;
t_grundbuch.item.l_grundbuch.269;99.96;1;
t_grundbuch.item.l_grundbuch.27;99.26;3;
t_grundbuch.item.l_grundbuch.270;99.96;1;
t_grundbuch.item.l_grundbuch.271;99.96;1;
t_grundbuch.item.l_grundbuch.272;99.96;1;
t_grundbuch.item.l_grundbuch.273;99.96;1;
t_grundbuch.item.l_grundbuch.274;99.96;1;
t_grundbuch.item.l_grundbuch.275;99.96;1;
t_grundbuch.item.l_grundbuch.276;99.96;1;
t_grundbuch.item.l_grundbuch.277;99.96;1;
t_grundbuch.item.l_grundbuch.278;99.96;1;
t_grundbuch.item.l_grundbuch.279;99.96;1;
t_grundbuch.item.l_grundbuch.28;99.34;3;
t_grundbuch.item.l_grundbuch.280;99.96;1;
t_grundbuch.item.l_grundbuch.281;99.96;1;
t_grundbuch.item.l_grundbuch.282;99.96;1;
t_grundbuch.item.l_grundbuch.283;99.96;1;
t_grundbuch.item.l_grundbuch.284;99.96;1;
t_grundbuch.item.l_grundbuch.285;99.96;1;
t_grundbuch.item.l_grundbuch.286;99.96;1;
t_grundbuch.item.l_grundbuch.287;99.96;1;
t_grundbuch.item.l_grundbuch.288;99.96;1;
t_grundbuch.item.l_grundbuch.289;99.96;1;
t_grundbuch.item.l_grundbuch.29;99.45;3;
t_grundbuch.item.l_grundbuch.290;99.96;1;
t_grundbuch.item.l_grundbuch.291;99.96;1;
t_grundbuch.item.l_grundbuch.292;99.96;1;
t_grundbuch.item.l_grundbuch.293;99.96;1;
t_grundbuch.item.l_grundbuch.294;99.96;1;
t_grundbuch.item.l_grundbuch.295;99.96;1;
t_grundbuch.item.l_grundbuch.296;99.96;1;
t_grundbuch.item.l_grundbuch.297;99.96;1;
t_grundbuch.item.l_grundbuch.298;99.96;1;
t_grundbuch.item.l_grundbuch.299;99.96;1;
t_grundbuch.item.l_grundbuch.30;99.48;3;
t_grundbuch.item.l_grundbuch.300;99.96;1;
t_grundbuch.item.l_grundbuch.301;99.96;1;
t_grundbuch.item.l_grundbuch.302;99.96;1;
t_grundbuch.item.l_grundbuch.303;99.96;1;
t_grundbuch.item.l_grundbuch.304;99.96;1;
t_grundbuch.item.l_grundbuch.305;99.96;1;
t_grundbuch.item.l_grundbuch.306;99.96;1;
t_grundbuch.item.l_grundbuch.307;99.96;1;
t_grundbuch.item.l_grundbuch.308;99.96;1;
t_grundbuch.item.l_grundbuch.309;99.96;1;
t_grundbuch.item.l_grundbuch.31;99.48;3;
t_grundbuch.item.l_grundbuch.310;99.96;1;
t_grundbuch.item.l_grundbuch.311;99.96;1;
t_grundbuch.item.l_grundbuch.312;99.96;1;
t_grundbuch.item.l_grundbuch.313;99.96;1;
t_grundbuch.item.l_grundbuch.314;99.96;1;
t_grundbuch.item.l_grundbuch.315;99.96;1;
t_grundbuch.item.l_grundbuch.316;99.96;1;
t_grundbuch.item.l_grundbuch.317;99.96;1;
t_grundbuch.item.l_grundbuch.318;99.96;1;
t_grundbuch.item.l_grundbuch.319;99.96;1;
t_grundbuch.item.l_grundbuch.32;99.48;3;
t_grundbuch.item.l_grundbuch.320;99.96;1;
t_grundbuch.item.l_grundbuch.321;99.96;1;
t_grundbuch.item.l_grundbuch.322;99.96;1;
t_grundbuch.item.l_grundbuch.323;99.96;1;
t_grundbuch.item.l_grundbuch.324;99.96;1;
t_grundbuch.item.l_grundbuch.325;99.96;1;
t_grundbuch.item.l_grundbuch.326;99.96;1;
t_grundbuch.item.l_grundbuch.327;99.96;1;
t_grundbuch.item.l_grundbuch.328;99.96;1;
t_grundbuch.item.l_grundbuch.329;99.96;1;
t_grundbuch.item.l_grundbuch.33;99.48;3;
t_grundbuch.item.l_grundbuch.330;99.96;1;
t_grundbuch.item.l_grundbuch.331;99.96;1;
t_grundbuch.item.l_grundbuch.332;99.96;1;
t_grundbuch.item.l_grundbuch.333;99.96;1;
t_grundbuch.item.l_grundbuch.334;99.96;1;
t_grundbuch.item.l_grundbuch.335;99.96;1;
t_grundbuch.item.l_grundbuch.336;99.96;1;
t_grundbuch.item.l_grundbuch.337;99.96;1;
t_grundbuch.item.l_grundbuch.338;99.96;1;
t_grundbuch.item.l_grundbuch.339;99.96;1;
t_grundbuch.item.l_grundbuch.34;99.52;3;
t_grundbuch.item.l_grundbuch.340;99.96;1;
t_grundbuch.item.l_grundbuch.341;99.96;1;
t_grundbuch.item.l_grundbuch.342;99.96;1;
t_grundbuch.item.l_grundbuch.343;99.96;1;
t_grundbuch.item.l_grundbuch.344;99.96;1;
t_grundbuch.item.l_grundbuch.345;99.96;1;
t_grundbuch.item.l_grundbuch.346;99.96;1;
t_grundbuch.item.l_grundbuch.347;99.96;1;
t_grundbuch.item.l_grundbuch.348;99.96;1;
t_grundbuch.item.l_grundbuch.349;99.96;1;
t_grundbuch.item.l_grundbuch.35;99.52;3;
t_grundbuch.item.l_grundbuch.350;99.96;1;
t_grundbuch.item.l_grundbuch.351;99.96;1;
t_grundbuch.item.l_grundbuch.352;99.96;1;
t_grundbuch.item.l_grundbuch.353;99.96;1;
t_grundbuch.item.l_grundbuch.354;99.96;1;
t_grundbuch.item.l_grundbuch.355;99.96;1;
t_grundbuch.item.l_grundbuch.356;99.96;1;
t_grundbuch.item.l_grundbuch.357;99.96;1;
t_grundbuch.item.l_grundbuch.358;99.96;1;
t_grundbuch.item.l_grundbuch.359;99.96;1;
t_grundbuch.item.l_grundbuch.36;99.59;3;
t_grundbuch.item.l_grundbuch.360;99.96;1;
t_grundbuch.item.l_grundbuch.361;99.96;1;
t_grundbuch.item.l_grundbuch.362;99.96;1;
t_grundbuch.item.l_grundbuch.363;99.96;1;
t_grundbuch.item.l_grundbuch.364;99.96;1;
t_grundbuch.item.l_grundbuch.365;99.96;1;
t_grundbuch.item.l_grundbuch.366;99.96;1;
t_grundbuch.item.l_grundbuch.367;99.96;1;
t_grundbuch.item.l_grundbuch.368;99.96;1;
t_grundbuch.item.l_grundbuch.369;99.96;1;
t_grundbuch.item.l_grundbuch.37;99.59;3;
t_grundbuch.item.l_grundbuch.370;99.96;1;
t_grundbuch.item.l_grundbuch.371;99.96;1;
t_grundbuch.item.l_grundbuch.372;99.96;1;
t_grundbuch.item.l_grundbuch.373;99.96;1;
t_grundbuch.item.l_grundbuch.374;99.96;1;
t_grundbuch.item.l_grundbuch.375;99.96;1;
t_grundbuch.item.l_grundbuch.376;99.96;1;
t_grundbuch.item.l_grundbuch.377;99.96;1;
t_grundbuch.item.l_grundbuch.378;99.96;1;
t_grundbuch.item.l_grundbuch.379;99.96;1;
t_grundbuch.item.l_grundbuch.38;99.59;3;
t_grundbuch.item.l_grundbuch.380;99.96;1;
t_grundbuch.item.l_grundbuch.381;99.96;1;
t_grundbuch.item.l_grundbuch.382;99.96;1;
t_grundbuch.item.l_grundbuch.383;99.96;1;
t_grundbuch.item.l_grundbuch.384;99.96;1;
t_grundbuch.item.l_grundbuch.385;99.96;1;
t_grundbuch.item.l_grundbuch.386;99.96;1;
t_grundbuch.item.l_grundbuch.387;99.96;1;
t_grundbuch.item.l_grundbuch.388;99.96;1;
t_grundbuch.item.l_grundbuch.389;99.96;1;
t_grundbuch.item.l_grundbuch.39;99.59;3;
t_grundbuch.item.l_grundbuch.390;99.96;1;
t_grundbuch.item.l_grundbuch.391;99.96;1;
t_grundbuch.item.l_grundbuch.392;99.96;1;
t_grundbuch.item.l_grundbuch.393;99.96;1;
t_grundbuch.item.l_grundbuch.394;99.96;1;
t_grundbuch.item.l_grundbuch.395;99.96;1;
t_grundbuch.item.l_grundbuch.396;99.96;1;
t_grundbuch.item.l_grundbuch.397;99.96;1;
t_grundbuch.item.l_grundbuch.398;99.96;1;
t_grundbuch.item.l_grundbuch.399;99.96;1;
t_grundbuch.item.l_grundbuch.40;99.67;3;
t_grundbuch.item.l_grundbuch.400;99.96;1;
t_grundbuch.item.l_grundbuch.401;99.96;1;
t_grundbuch.item.l_grundbuch.402;99.96;1;
t_grundbuch.item.l_grundbuch.403;99.96;1;
t_grundbuch.item.l_grundbuch.404;99.96;1;
t_grundbuch.item.l_grundbuch.405;99.96;1;
t_grundbuch.item.l_grundbuch.406;99.96;1;
t_grundbuch.item.l_grundbuch.407;99.96;1;
t_grundbuch.item.l_grundbuch.408;99.96;1;
t_grundbuch.item.l_grundbuch.409;99.96;1;
t_grundbuch.item.l_grundbuch.41;99.67;3;
t_grundbuch.item.l_grundbuch.410;99.96;1;
t_grundbuch.item.l_grundbuch.411;99.96;1;
t_grundbuch.item.l_grundbuch.412;99.96;1;
t_grundbuch.item.l_grundbuch.413;99.96;1;
t_grundbuch.item.l_grundbuch.414;99.96;1;
t_grundbuch.item.l_grundbuch.415;99.96;1;
t_grundbuch.item.l_grundbuch.416;99.96;1;
t_grundbuch.item.l_grundbuch.417;99.96;1;
t_grundbuch.item.l_grundbuch.418;99.96;1;
t_grundbuch.item.l_grundbuch.419;99.96;1;
t_grundbuch.item.l_grundbuch.42;99.67;3;
t_grundbuch.item.l_grundbuch.420;99.96;1;
t_grundbuch.item.l_grundbuch.421;99.96;1;
t_grundbuch.item.l_grundbuch.422;99.96;1;
t_grundbuch.item.l_grundbuch.423;99.96;1;
t_grundbuch.item.l_grundbuch.424;99.96;1;
t_grundbuch.item.l_grundbuch.425;99.96;1;
t_grundbuch.item.l_grundbuch.426;99.96;1;
t_grundbuch.item.l_grundbuch.427;99.96;1;
t_grundbuch.item.l_grundbuch.428;99.96;1;
t_grundbuch.item.l_grundbuch.429;99.96;1;
t_grundbuch.item.l_grundbuch.43;99.67;3;
t_grundbuch.item.l_grundbuch.430;99.96;1;
t_grundbuch.item.l_grundbuch.431;99.96;1;
t_grundbuch.item.l_grundbuch.432;99.96;1;
t_grundbuch.item.l_grundbuch.433;99.96;1;
t_grundbuch.item.l_grundbuch.434;99.96;1;
t_grundbuch.item.l_grundbuch.435;99.96;1;
t_grundbuch.item.l_grundbuch.436;99.96;1;
t_grundbuch.item.l_grundbuch.437;99.96;1;
t_grundbuch.item.l_grundbuch.438;99.96;1;
t_grundbuch.item.l_grundbuch.439;99.96;1;
t_grundbuch.item.l_grundbuch.44;99.67;3;
t_grundbuch.item.l_grundbuch.440;99.96;1;
t_grundbuch.item.l_grundbuch.441;99.96;1;
t_grundbuch.item.l_grundbuch.442;99.96;1;
t_grundbuch.item.l_grundbuch.443;99.96;1;
t_grundbuch.item.l_grundbuch.444;99.96;1;
t_grundbuch.item.l_grundbuch.445;99.96;1;
t_grundbuch.item.l_grundbuch.446;99.96;1;
t_grundbuch.item.l_grundbuch.447;99.96;1;
t_grundbuch.item.l_grundbuch.448;99.96;1;
t_grundbuch.item.l_grundbuch.449;99.96;1;
t_grundbuch.item.l_grundbuch.45;99.67;3;
t_grundbuch.item.l_grundbuch.450;99.96;1;
t_grundbuch.item.l_grundbuch.451;99.96;1;
t_grundbuch.item.l_grundbuch.452;99.96;1;
t_grundbuch.item.l_grundbuch.453;99.96;1;
t_grundbuch.item.l_grundbuch.454;99.96;1;
t_grundbuch.item.l_grundbuch.455;99.96;1;
t_grundbuch.item.l_grundbuch.456;99.96;1;
t_grundbuch.item.l_grundbuch.457;99.96;1;
t_grundbuch.item.l_grundbuch.458;99.96;1;
t_grundbuch.item.l_grundbuch.459;99.96;1;
t_grundbuch.item.l_grundbuch.46;99.71;3;
t_grundbuch.item.l_grundbuch.460;99.96;1;
t_grundbuch.item.l_grundbuch.461;99.96;1;
t_grundbuch.item.l_grundbuch.462;99.96;1;
t_grundbuch.item.l_grundbuch.463;99.96;1;
t_grundbuch.item.l_grundbuch.464;99.96;1;
t_grundbuch.item.l_grundbuch.465;99.96;1;
t_grundbuch.item.l_grundbuch.466;99.96;1;
t_grundbuch.item.l_grundbuch.467;99.96;1;
t_grundbuch.item.l_grundbuch.468;99.96;1;
t_grundbuch.item.l_grundbuch.469;99.96;1;
t_grundbuch.item.l_grundbuch.47;99.71;3;
t_grundbuch.item.l_grundbuch.470;99.96;1;
t_grundbuch.item.l_grundbuch.471;99.96;1;
t_grundbuch.item.l_grundbuch.472;99.96;1;
t_grundbuch.item.l_grundbuch.473;99.96;1;
t_grundbuch.item.l_grundbuch.474;99.96;1;
t_grundbuch.item.l_grundbuch.475;99.96;1;
t_grundbuch.item.l_grundbuch.476;99.96;1;
t_grundbuch.item.l_grundbuch.477;99.96;1;
t_grundbuch.item.l_grundbuch.478;99.96;1;
t_grundbuch.item.l_grundbuch.479;99.96;1;
t_grundbuch.item.l_grundbuch.48;99.71;3;
t_grundbuch.item.l_grundbuch.480;99.96;1;
t_grundbuch.item.l_grundbuch.481;99.96;1;
t_grundbuch.item.l_grundbuch.482;99.96;1;
t_grundbuch.item.l_grundbuch.483;99.96;1;
t_grundbuch.item.l_grundbuch.484;99.96;1;
t_grundbuch.item.l_grundbuch.485;99.96;1;
t_grundbuch.item.l_grundbuch.486;99.96;1;
t_grundbuch.item.l_grundbuch.487;99.96;1;
t_grundbuch.item.l_grundbuch.488;99.96;1;
t_grundbuch.item.l_grundbuch.489;99.96;1;
t_grundbuch.item.l_grundbuch.49;99.71;3;
t_grundbuch.item.l_grundbuch.490;99.96;1;
t_grundbuch.item.l_grundbuch.491;99.96;1;
t_grundbuch.item.l_grundbuch.492;99.96;1;
t_grundbuch.item.l_grundbuch.493;99.96;1;
t_grundbuch.item.l_grundbuch.494;99.96;1;
t_grundbuch.item.l_grundbuch.495;99.96;1;
t_grundbuch.item.l_grundbuch.496;99.96;1;
t_grundbuch.item.l_grundbuch.497;99.96;1;
t_grundbuch.item.l_grundbuch.498;99.96;1;
t_grundbuch.item.l_grundbuch.499;99.96;1;
t_grundbuch.item.l_grundbuch.50;99.71;3;
t_grundbuch.item.l_grundbuch.500;99.96;1;
t_grundbuch.item.l_grundbuch.501;99.96;1;
t_grundbuch.item.l_grundbuch.502;99.96;1;
t_grundbuch.item.l_grundbuch.503;99.96;1;
t_grundbuch.item.l_grundbuch.504;99.96;1;
t_grundbuch.item.l_grundbuch.505;99.96;1;
t_grundbuch.item.l_grundbuch.506;99.96;1;
t_grundbuch.item.l_grundbuch.507;99.96;1;
t_grundbuch.item.l_grundbuch.508;99.96;1;
t_grundbuch.item.l_grundbuch.509;99.96;1;
t_grundbuch.item.l_grundbuch.51;99.71;3;
t_grundbuch.item.l_grundbuch.510;99.96;1;
t_grundbuch.item.l_grundbuch.511;99.96;1;
t_grundbuch.item.l_grundbuch.512;99.96;1;
t_grundbuch.item.l_grundbuch.513;99.96;1;
t_grundbuch.item.l_grundbuch.514;99.96;1;
t_grundbuch.item.l_grundbuch.515;99.96;1;
t_grundbuch.item.l_grundbuch.516;99.96;1;
t_grundbuch.item.l_grundbuch.517;99.96;1;
t_grundbuch.item.l_grundbuch.518;99.96;1;
t_grundbuch.item.l_grundbuch.519;99.96;1;
t_grundbuch.item.l_grundbuch.52;99.71;3;
t_grundbuch.item.l_grundbuch.520;99.96;1;
t_grundbuch.item.l_grundbuch.521;99.96;1;
t_grundbuch.item.l_grundbuch.522;99.96;1;
t_grundbuch.item.l_grundbuch.523;99.96;1;
t_grundbuch.item.l_grundbuch.524;99.96;1;
t_grundbuch.item.l_grundbuch.525;99.96;1;
t_grundbuch.item.l_grundbuch.526;99.96;1;
t_grundbuch.item.l_grundbuch.527;99.96;1;
t_grundbuch.item.l_grundbuch.528;99.96;1;
t_grundbuch.item.l_grundbuch.529;99.96;1;
t_grundbuch.item.l_grundbuch.53;99.71;3;
t_grundbuch.item.l_grundbuch.530;99.96;1;
t_grundbuch.item.l_grundbuch.531;99.96;1;
t_grundbuch.item.l_grundbuch.532;99.96;1;
t_grundbuch.item.l_grundbuch.533;99.96;1;
t_grundbuch.item.l_grundbuch.534;99.96;1;
t_grundbuch.item.l_grundbuch.535;99.96;1;
t_grundbuch.item.l_grundbuch.536;99.96;1;
t_grundbuch.item.l_grundbuch.537;99.96;1;
t_grundbuch.item.l_grundbuch.538;99.96;1;
t_grundbuch.item.l_grundbuch.539;99.96;1;
t_grundbuch.item.l_grundbuch.54;99.71;3;
t_grundbuch.item.l_grundbuch.540;99.96;1;
t_grundbuch.item.l_grundbuch.541;99.96;1;
t_grundbuch.item.l_grundbuch.542;99.96;1;
t_grundbuch.item.l_grundbuch.543;99.96;1;
t_grundbuch.item.l_grundbuch.544;99.96;1;
t_grundbuch.item.l_grundbuch.545;99.96;1;
t_grundbuch.item.l_grundbuch.546;99.96;1;
t_grundbuch.item.l_grundbuch.547;99.96;1;
t_grundbuch.item.l_grundbuch.548;99.96;1;
t_grundbuch.item.l_grundbuch.549;99.96;1;
t_grundbuch.item.l_grundbuch.55;99.74;3;
t_grundbuch.item.l_grundbuch.550;99.96;1;
t_grundbuch.item.l_grundbuch.551;99.96;1;
t_grundbuch.item.l_grundbuch.552;99.96;1;
t_grundbuch.item.l_grundbuch.553;99.96;1;
t_grundbuch.item.l_grundbuch.554;99.96;1;
t_grundbuch.item.l_grundbuch.555;99.96;1;
t_grundbuch.item.l_grundbuch.556;99.96;1;
t_grundbuch.item.l_grundbuch.557;99.96;1;
t_grundbuch.item.l_grundbuch.558;99.96;1;
t_grundbuch.item.l_grundbuch.559;99.96;1;
t_grundbuch.item.l_grundbuch.56;99.74;3;
t_grundbuch.item.l_grundbuch.560;99.96;1;
t_grundbuch.item.l_grundbuch.561;99.96;1;
t_grundbuch.item.l_grundbuch.562;99.96;1;
t_grundbuch.item.l_grundbuch.57;99.74;3;
t_grundbuch.item.l_grundbuch.58;99.74;3;
t_grundbuch.item.l_grundbuch.59;99.74;3;
t_grundbuch.item.l_grundbuch.60;99.74;3;
t_grundbuch.item.l_grundbuch.61;99.74;3;
t_grundbuch.item.l_grundbuch.62;99.74;3;
t_grundbuch.item.l_grundbuch.63;99.74;3;
t_grundbuch.item.l_grundbuch.64;99.78;2;
t_grundbuch.item.l_grundbuch.65;99.78;2;
t_grundbuch.item.l_grundbuch.66;99.78;2;
t_grundbuch.item.l_grundbuch.67;99.78;2;
t_grundbuch.item.l_grundbuch.68;99.78;2;
t_grundbuch.item.l_grundbuch.69;99.82;2;
t_grundbuch.item.l_grundbuch.70;99.82;2;
t_grundbuch.item.l_grundbuch.71;99.82;2;
t_grundbuch.item.l_grundbuch.72;99.82;2;
t_grundbuch.item.l_grundbuch.73;99.85;2;
t_grundbuch.item.l_grundbuch.74;99.85;2;
t_grundbuch.item.l_grundbuch.75;99.85;2;
t_grundbuch.item.l_grundbuch.76;99.85;2;
t_grundbuch.item.l_grundbuch.77;99.85;2;
t_grundbuch.item.l_grundbuch.78;99.85;2;
t_grundbuch.item.l_grundbuch.79;99.85;2;
t_grundbuch.item.l_grundbuch.80;99.85;2;
t_grundbuch.item.l_grundbuch.81;99.85;2;
t_grundbuch.item.l_grundbuch.82;99.85;2;
t_grundbuch.item.l_grundbuch.83;99.85;2;
t_grundbuch.item.l_grundbuch.84;99.85;2;
t_grundbuch.item.l_grundbuch.85;99.89;1;
t_grundbuch.item.l_grundbuch.86;99.89;1;
t_grundbuch.item.l_grundbuch.87;99.89;1;
t_grundbuch.item.l_grundbuch.88;99.89;1;
t_grundbuch.item.l_grundbuch.89;99.89;1;
t_grundbuch.item.l_grundbuch.90;99.89;1;
t_grundbuch.item.l_grundbuch.91;99.89;1;
t_grundbuch.item.l_grundbuch.92;99.89;1;
t_grundbuch.item.l_grundbuch.93;99.89;1;
t_grundbuch.item.l_grundbuch.94;99.89;1;
t_grundbuch.item.l_grundbuch.95;99.89;1;
t_grundbuch.item.l_grundbuch.96;99.96;1;
t_grundbuch.item.l_grundbuch.97;99.96;1;
t_grundbuch.item.l_grundbuch.98;99.96;1;
t_grundbuch.item.l_grundbuch.99;99.96;1;
t_grundbuch.item.lfdnr;0.15;27;
t_grundbuch.item.lfdnr.02;76.74;13;
t_grundbuch.item.lfdnr.03;93.84;14;
t_grundbuch.item.lfdnr.04;95.47;7;
t_grundbuch.item.lfdnr.05;96.61;6;
t_grundbuch.item.lfdnr.06;96.9;7;
t_grundbuch.item.lfdnr.07;97.42;5;
t_grundbuch.item.lfdnr.08;97.53;5;
t_grundbuch.item.lfdnr.09;98.23;2;
t_grundbuch.item.lfdnr.10;98.27;2;
t_grundbuch.item.lfdnr.100;99.96;1;
t_grundbuch.item.lfdnr.11;98.3;3;
t_grundbuch.item.lfdnr.110;99.96;1;
t_grundbuch.item.lfdnr.111;99.96;1;
t_grundbuch.item.lfdnr.112;99.96;1;
t_grundbuch.item.lfdnr.113;99.96;1;
t_grundbuch.item.lfdnr.114;99.96;1;
t_grundbuch.item.lfdnr.115;99.96;1;
t_grundbuch.item.lfdnr.116;99.96;1;
t_grundbuch.item.lfdnr.117;99.96;1;
t_grundbuch.item.lfdnr.118;99.96;1;
t_grundbuch.item.lfdnr.119;99.96;1;
t_grundbuch.item.lfdnr.12;98.34;5;
t_grundbuch.item.lfdnr.120;99.96;1;
t_grundbuch.item.lfdnr.121;99.96;1;
t_grundbuch.item.lfdnr.122;99.96;1;
t_grundbuch.item.lfdnr.123;99.96;1;
t_grundbuch.item.lfdnr.124;99.96;1;
t_grundbuch.item.lfdnr.125;99.96;1;
t_grundbuch.item.lfdnr.126;99.96;1;
t_grundbuch.item.lfdnr.127;99.96;1;
t_grundbuch.item.lfdnr.128;99.96;1;
t_grundbuch.item.lfdnr.129;99.96;1;
t_grundbuch.item.lfdnr.13;98.42;3;
t_grundbuch.item.lfdnr.130;99.96;1;
t_grundbuch.item.lfdnr.131;99.96;1;
t_grundbuch.item.lfdnr.132;99.96;1;
t_grundbuch.item.lfdnr.133;99.96;1;
t_grundbuch.item.lfdnr.134;99.96;1;
t_grundbuch.item.lfdnr.135;99.96;1;
t_grundbuch.item.lfdnr.136;99.96;1;
t_grundbuch.item.lfdnr.137;99.96;1;
t_grundbuch.item.lfdnr.138;99.96;1;
t_grundbuch.item.lfdnr.139;99.96;1;
t_grundbuch.item.lfdnr.14;98.42;4;
t_grundbuch.item.lfdnr.140;99.96;1;
t_grundbuch.item.lfdnr.141;99.96;1;
t_grundbuch.item.lfdnr.142;99.96;1;
t_grundbuch.item.lfdnr.143;99.96;1;
t_grundbuch.item.lfdnr.144;99.96;1;
t_grundbuch.item.lfdnr.145;99.96;1;
t_grundbuch.item.lfdnr.146;99.96;1;
t_grundbuch.item.lfdnr.147;99.96;1;
t_grundbuch.item.lfdnr.148;99.96;1;
t_grundbuch.item.lfdnr.149;99.96;1;
t_grundbuch.item.lfdnr.15;98.71;3;
t_grundbuch.item.lfdnr.150;99.96;1;
t_grundbuch.item.lfdnr.151;99.96;1;
t_grundbuch.item.lfdnr.152;99.96;1;
t_grundbuch.item.lfdnr.153;99.96;1;
t_grundbuch.item.lfdnr.154;99.96;1;
t_grundbuch.item.lfdnr.155;99.96;1;
t_grundbuch.item.lfdnr.156;99.96;1;
t_grundbuch.item.lfdnr.157;99.96;1;
t_grundbuch.item.lfdnr.158;99.96;1;
t_grundbuch.item.lfdnr.159;99.96;1;
t_grundbuch.item.lfdnr.16;98.75;3;
t_grundbuch.item.lfdnr.160;99.96;1;
t_grundbuch.item.lfdnr.161;99.96;1;
t_grundbuch.item.lfdnr.162;99.96;1;
t_grundbuch.item.lfdnr.163;99.96;1;
t_grundbuch.item.lfdnr.164;99.96;1;
t_grundbuch.item.lfdnr.165;99.96;1;
t_grundbuch.item.lfdnr.166;99.96;1;
t_grundbuch.item.lfdnr.167;99.96;1;
t_grundbuch.item.lfdnr.168;99.96;1;
t_grundbuch.item.lfdnr.169;99.96;1;
t_grundbuch.item.lfdnr.17;98.82;3;
t_grundbuch.item.lfdnr.170;99.96;1;
t_grundbuch.item.lfdnr.171;99.96;1;
t_grundbuch.item.lfdnr.172;99.96;1;
t_grundbuch.item.lfdnr.173;99.96;1;
t_grundbuch.item.lfdnr.174;99.96;1;
t_grundbuch.item.lfdnr.175;99.96;1;
t_grundbuch.item.lfdnr.176;99.96;1;
t_grundbuch.item.lfdnr.177;99.96;1;
t_grundbuch.item.lfdnr.178;99.96;1;
t_grundbuch.item.lfdnr.179;99.96;1;
t_grundbuch.item.lfdnr.18;99;4;
t_grundbuch.item.lfdnr.180;99.96;1;
t_grundbuch.item.lfdnr.181;99.96;1;
t_grundbuch.item.lfdnr.182;99.96;1;
t_grundbuch.item.lfdnr.183;99.96;1;
t_grundbuch.item.lfdnr.184;99.96;1;
t_grundbuch.item.lfdnr.185;99.96;1;
t_grundbuch.item.lfdnr.186;99.96;1;
t_grundbuch.item.lfdnr.187;99.96;1;
t_grundbuch.item.lfdnr.188;99.96;1;
t_grundbuch.item.lfdnr.189;99.96;1;
t_grundbuch.item.lfdnr.19;99.08;4;
t_grundbuch.item.lfdnr.190;99.96;1;
t_grundbuch.item.lfdnr.191;99.96;1;
t_grundbuch.item.lfdnr.192;99.96;1;
t_grundbuch.item.lfdnr.193;99.96;1;
t_grundbuch.item.lfdnr.194;99.96;1;
t_grundbuch.item.lfdnr.195;99.96;1;
t_grundbuch.item.lfdnr.196;99.96;1;
t_grundbuch.item.lfdnr.197;99.96;1;
t_grundbuch.item.lfdnr.198;99.96;1;
t_grundbuch.item.lfdnr.199;99.96;1;
t_grundbuch.item.lfdnr.20;99.08;4;
t_grundbuch.item.lfdnr.200;99.96;1;
t_grundbuch.item.lfdnr.201;99.96;1;
t_grundbuch.item.lfdnr.202;99.96;1;
t_grundbuch.item.lfdnr.203;99.96;1;
t_grundbuch.item.lfdnr.204;99.96;1;
t_grundbuch.item.lfdnr.205;99.96;1;
t_grundbuch.item.lfdnr.206;99.96;1;
t_grundbuch.item.lfdnr.207;99.96;1;
t_grundbuch.item.lfdnr.208;99.96;1;
t_grundbuch.item.lfdnr.209;99.96;1;
t_grundbuch.item.lfdnr.21;99.12;3;
t_grundbuch.item.lfdnr.210;99.96;1;
t_grundbuch.item.lfdnr.211;99.96;1;
t_grundbuch.item.lfdnr.212;99.96;1;
t_grundbuch.item.lfdnr.213;99.96;1;
t_grundbuch.item.lfdnr.214;99.96;1;
t_grundbuch.item.lfdnr.215;99.96;1;
t_grundbuch.item.lfdnr.216;99.96;1;
t_grundbuch.item.lfdnr.217;99.96;1;
t_grundbuch.item.lfdnr.218;99.96;1;
t_grundbuch.item.lfdnr.219;99.96;1;
t_grundbuch.item.lfdnr.22;99.15;4;
t_grundbuch.item.lfdnr.220;99.96;1;
t_grundbuch.item.lfdnr.221;99.96;1;
t_grundbuch.item.lfdnr.222;99.96;1;
t_grundbuch.item.lfdnr.223;99.96;1;
t_grundbuch.item.lfdnr.224;99.96;1;
t_grundbuch.item.lfdnr.225;99.96;1;
t_grundbuch.item.lfdnr.226;99.96;1;
t_grundbuch.item.lfdnr.227;99.96;1;
t_grundbuch.item.lfdnr.228;99.96;1;
t_grundbuch.item.lfdnr.229;99.96;1;
t_grundbuch.item.lfdnr.23;99.15;3;
t_grundbuch.item.lfdnr.230;99.96;1;
t_grundbuch.item.lfdnr.231;99.96;1;
t_grundbuch.item.lfdnr.232;99.96;1;
t_grundbuch.item.lfdnr.233;99.96;1;
t_grundbuch.item.lfdnr.234;99.96;1;
t_grundbuch.item.lfdnr.235;99.96;1;
t_grundbuch.item.lfdnr.236;99.96;1;
t_grundbuch.item.lfdnr.237;99.96;1;
t_grundbuch.item.lfdnr.238;99.96;1;
t_grundbuch.item.lfdnr.239;99.96;1;
t_grundbuch.item.lfdnr.24;99.15;4;
t_grundbuch.item.lfdnr.240;99.96;1;
t_grundbuch.item.lfdnr.241;99.96;1;
t_grundbuch.item.lfdnr.242;99.96;1;
t_grundbuch.item.lfdnr.243;99.96;1;
t_grundbuch.item.lfdnr.244;99.96;1;
t_grundbuch.item.lfdnr.245;99.96;1;
t_grundbuch.item.lfdnr.246;99.96;1;
t_grundbuch.item.lfdnr.247;99.96;1;
t_grundbuch.item.lfdnr.248;99.96;1;
t_grundbuch.item.lfdnr.249;99.96;1;
t_grundbuch.item.lfdnr.25;99.23;4;
t_grundbuch.item.lfdnr.250;99.96;1;
t_grundbuch.item.lfdnr.251;99.96;1;
t_grundbuch.item.lfdnr.252;99.96;1;
t_grundbuch.item.lfdnr.253;99.96;1;
t_grundbuch.item.lfdnr.254;99.96;1;
t_grundbuch.item.lfdnr.255;99.96;1;
t_grundbuch.item.lfdnr.256;99.96;1;
t_grundbuch.item.lfdnr.257;99.96;1;
t_grundbuch.item.lfdnr.258;99.96;1;
t_grundbuch.item.lfdnr.259;99.96;1;
t_grundbuch.item.lfdnr.26;99.26;3;
t_grundbuch.item.lfdnr.260;99.96;1;
t_grundbuch.item.lfdnr.261;99.96;1;
t_grundbuch.item.lfdnr.262;99.96;1;
t_grundbuch.item.lfdnr.263;99.96;1;
t_grundbuch.item.lfdnr.264;99.96;1;
t_grundbuch.item.lfdnr.265;99.96;1;
t_grundbuch.item.lfdnr.266;99.96;1;
t_grundbuch.item.lfdnr.267;99.96;1;
t_grundbuch.item.lfdnr.268;99.96;1;
t_grundbuch.item.lfdnr.269;99.96;1;
t_grundbuch.item.lfdnr.27;99.26;3;
t_grundbuch.item.lfdnr.270;99.96;1;
t_grundbuch.item.lfdnr.271;99.96;1;
t_grundbuch.item.lfdnr.272;99.96;1;
t_grundbuch.item.lfdnr.273;99.96;1;
t_grundbuch.item.lfdnr.274;99.96;1;
t_grundbuch.item.lfdnr.275;99.96;1;
t_grundbuch.item.lfdnr.276;99.96;1;
t_grundbuch.item.lfdnr.277;99.96;1;
t_grundbuch.item.lfdnr.278;99.96;1;
t_grundbuch.item.lfdnr.279;99.96;1;
t_grundbuch.item.lfdnr.28;99.34;3;
t_grundbuch.item.lfdnr.280;99.96;1;
t_grundbuch.item.lfdnr.281;99.96;1;
t_grundbuch.item.lfdnr.282;99.96;1;
t_grundbuch.item.lfdnr.283;99.96;1;
t_grundbuch.item.lfdnr.284;99.96;1;
t_grundbuch.item.lfdnr.285;99.96;1;
t_grundbuch.item.lfdnr.286;99.96;1;
t_grundbuch.item.lfdnr.287;99.96;1;
t_grundbuch.item.lfdnr.288;99.96;1;
t_grundbuch.item.lfdnr.289;99.96;1;
t_grundbuch.item.lfdnr.29;99.45;2;
t_grundbuch.item.lfdnr.290;99.96;1;
t_grundbuch.item.lfdnr.291;99.96;1;
t_grundbuch.item.lfdnr.292;99.96;1;
t_grundbuch.item.lfdnr.293;99.96;1;
t_grundbuch.item.lfdnr.294;99.96;1;
t_grundbuch.item.lfdnr.295;99.96;1;
t_grundbuch.item.lfdnr.296;99.96;1;
t_grundbuch.item.lfdnr.297;99.96;1;
t_grundbuch.item.lfdnr.298;99.96;1;
t_grundbuch.item.lfdnr.299;99.96;1;
t_grundbuch.item.lfdnr.30;99.48;2;
t_grundbuch.item.lfdnr.300;99.96;1;
t_grundbuch.item.lfdnr.301;99.96;1;
t_grundbuch.item.lfdnr.302;99.96;1;
t_grundbuch.item.lfdnr.303;99.96;1;
t_grundbuch.item.lfdnr.304;99.96;1;
t_grundbuch.item.lfdnr.305;99.96;1;
t_grundbuch.item.lfdnr.306;99.96;1;
t_grundbuch.item.lfdnr.307;99.96;1;
t_grundbuch.item.lfdnr.308;99.96;1;
t_grundbuch.item.lfdnr.309;99.96;1;
t_grundbuch.item.lfdnr.31;99.48;2;
t_grundbuch.item.lfdnr.310;99.96;1;
t_grundbuch.item.lfdnr.311;99.96;1;
t_grundbuch.item.lfdnr.312;99.96;1;
t_grundbuch.item.lfdnr.313;99.96;1;
t_grundbuch.item.lfdnr.314;99.96;1;
t_grundbuch.item.lfdnr.315;99.96;1;
t_grundbuch.item.lfdnr.316;99.96;1;
t_grundbuch.item.lfdnr.317;99.96;1;
t_grundbuch.item.lfdnr.318;99.96;1;
t_grundbuch.item.lfdnr.319;99.96;1;
t_grundbuch.item.lfdnr.32;99.48;2;
t_grundbuch.item.lfdnr.320;99.96;1;
t_grundbuch.item.lfdnr.321;99.96;1;
t_grundbuch.item.lfdnr.322;99.96;1;
t_grundbuch.item.lfdnr.323;99.96;1;
t_grundbuch.item.lfdnr.324;99.96;1;
t_grundbuch.item.lfdnr.325;99.96;1;
t_grundbuch.item.lfdnr.326;99.96;1;
t_grundbuch.item.lfdnr.327;99.96;1;
t_grundbuch.item.lfdnr.328;99.96;1;
t_grundbuch.item.lfdnr.329;99.96;1;
t_grundbuch.item.lfdnr.33;99.48;2;
t_grundbuch.item.lfdnr.330;99.96;1;
t_grundbuch.item.lfdnr.331;99.96;1;
t_grundbuch.item.lfdnr.332;99.96;1;
t_grundbuch.item.lfdnr.333;99.96;1;
t_grundbuch.item.lfdnr.334;99.96;1;
t_grundbuch.item.lfdnr.335;99.96;1;
t_grundbuch.item.lfdnr.336;99.96;1;
t_grundbuch.item.lfdnr.337;99.96;1;
t_grundbuch.item.lfdnr.338;99.96;1;
t_grundbuch.item.lfdnr.339;99.96;1;
t_grundbuch.item.lfdnr.34;99.52;3;
t_grundbuch.item.lfdnr.340;99.96;1;
t_grundbuch.item.lfdnr.341;99.96;1;
t_grundbuch.item.lfdnr.342;99.96;1;
t_grundbuch.item.lfdnr.343;99.96;1;
t_grundbuch.item.lfdnr.344;99.96;1;
t_grundbuch.item.lfdnr.345;99.96;1;
t_grundbuch.item.lfdnr.346;99.96;1;
t_grundbuch.item.lfdnr.347;99.96;1;
t_grundbuch.item.lfdnr.348;99.96;1;
t_grundbuch.item.lfdnr.349;99.96;1;
t_grundbuch.item.lfdnr.35;99.52;3;
t_grundbuch.item.lfdnr.350;99.96;1;
t_grundbuch.item.lfdnr.351;99.96;1;
t_grundbuch.item.lfdnr.352;99.96;1;
t_grundbuch.item.lfdnr.353;99.96;1;
t_grundbuch.item.lfdnr.354;99.96;1;
t_grundbuch.item.lfdnr.355;99.96;1;
t_grundbuch.item.lfdnr.356;99.96;1;
t_grundbuch.item.lfdnr.357;99.96;1;
t_grundbuch.item.lfdnr.358;99.96;1;
t_grundbuch.item.lfdnr.359;99.96;1;
t_grundbuch.item.lfdnr.36;99.59;1;
t_grundbuch.item.lfdnr.360;99.96;1;
t_grundbuch.item.lfdnr.361;99.96;1;
t_grundbuch.item.lfdnr.362;99.96;1;
t_grundbuch.item.lfdnr.363;99.96;1;
t_grundbuch.item.lfdnr.364;99.96;1;
t_grundbuch.item.lfdnr.365;99.96;1;
t_grundbuch.item.lfdnr.366;99.96;1;
t_grundbuch.item.lfdnr.367;99.96;1;
t_grundbuch.item.lfdnr.368;99.96;1;
t_grundbuch.item.lfdnr.369;99.96;1;
t_grundbuch.item.lfdnr.37;99.59;1;
t_grundbuch.item.lfdnr.370;99.96;1;
t_grundbuch.item.lfdnr.371;99.96;1;
t_grundbuch.item.lfdnr.372;99.96;1;
t_grundbuch.item.lfdnr.373;99.96;1;
t_grundbuch.item.lfdnr.374;99.96;1;
t_grundbuch.item.lfdnr.375;99.96;1;
t_grundbuch.item.lfdnr.376;99.96;1;
t_grundbuch.item.lfdnr.377;99.96;1;
t_grundbuch.item.lfdnr.378;99.96;1;
t_grundbuch.item.lfdnr.379;99.96;1;
t_grundbuch.item.lfdnr.38;99.59;1;
t_grundbuch.item.lfdnr.380;99.96;1;
t_grundbuch.item.lfdnr.381;99.96;1;
t_grundbuch.item.lfdnr.382;99.96;1;
t_grundbuch.item.lfdnr.383;99.96;1;
t_grundbuch.item.lfdnr.384;99.96;1;
t_grundbuch.item.lfdnr.385;99.96;1;
t_grundbuch.item.lfdnr.386;99.96;1;
t_grundbuch.item.lfdnr.387;99.96;1;
t_grundbuch.item.lfdnr.388;99.96;1;
t_grundbuch.item.lfdnr.389;99.96;1;
t_grundbuch.item.lfdnr.39;99.59;1;
t_grundbuch.item.lfdnr.390;99.96;1;
t_grundbuch.item.lfdnr.391;99.96;1;
t_grundbuch.item.lfdnr.392;99.96;1;
t_grundbuch.item.lfdnr.393;99.96;1;
t_grundbuch.item.lfdnr.394;99.96;1;
t_grundbuch.item.lfdnr.395;99.96;1;
t_grundbuch.item.lfdnr.396;99.96;1;
t_grundbuch.item.lfdnr.397;99.96;1;
t_grundbuch.item.lfdnr.398;99.96;1;
t_grundbuch.item.lfdnr.399;99.96;1;
t_grundbuch.item.lfdnr.40;99.67;1;
t_grundbuch.item.lfdnr.400;99.96;1;
t_grundbuch.item.lfdnr.401;99.96;1;
t_grundbuch.item.lfdnr.402;99.96;1;
t_grundbuch.item.lfdnr.403;99.96;1;
t_grundbuch.item.lfdnr.404;99.96;1;
t_grundbuch.item.lfdnr.405;99.96;1;
t_grundbuch.item.lfdnr.406;99.96;1;
t_grundbuch.item.lfdnr.407;99.96;1;
t_grundbuch.item.lfdnr.408;99.96;1;
t_grundbuch.item.lfdnr.409;99.96;1;
t_grundbuch.item.lfdnr.41;99.67;1;
t_grundbuch.item.lfdnr.410;99.96;1;
t_grundbuch.item.lfdnr.411;99.96;1;
t_grundbuch.item.lfdnr.412;99.96;1;
t_grundbuch.item.lfdnr.413;99.96;1;
t_grundbuch.item.lfdnr.414;99.96;1;
t_grundbuch.item.lfdnr.415;99.96;1;
t_grundbuch.item.lfdnr.416;99.96;1;
t_grundbuch.item.lfdnr.417;99.96;1;
t_grundbuch.item.lfdnr.418;99.96;1;
t_grundbuch.item.lfdnr.419;99.96;1;
t_grundbuch.item.lfdnr.42;99.67;1;
t_grundbuch.item.lfdnr.420;99.96;1;
t_grundbuch.item.lfdnr.421;99.96;1;
t_grundbuch.item.lfdnr.422;99.96;1;
t_grundbuch.item.lfdnr.423;99.96;1;
t_grundbuch.item.lfdnr.424;99.96;1;
t_grundbuch.item.lfdnr.425;99.96;1;
t_grundbuch.item.lfdnr.426;99.96;1;
t_grundbuch.item.lfdnr.427;99.96;1;
t_grundbuch.item.lfdnr.428;99.96;1;
t_grundbuch.item.lfdnr.429;99.96;1;
t_grundbuch.item.lfdnr.43;99.67;1;
t_grundbuch.item.lfdnr.430;99.96;1;
t_grundbuch.item.lfdnr.431;99.96;1;
t_grundbuch.item.lfdnr.432;99.96;1;
t_grundbuch.item.lfdnr.433;99.96;1;
t_grundbuch.item.lfdnr.434;99.96;1;
t_grundbuch.item.lfdnr.435;99.96;1;
t_grundbuch.item.lfdnr.436;99.96;1;
t_grundbuch.item.lfdnr.437;99.96;1;
t_grundbuch.item.lfdnr.438;99.96;1;
t_grundbuch.item.lfdnr.439;99.96;1;
t_grundbuch.item.lfdnr.44;99.67;1;
t_grundbuch.item.lfdnr.440;99.96;1;
t_grundbuch.item.lfdnr.441;99.96;1;
t_grundbuch.item.lfdnr.442;99.96;1;
t_grundbuch.item.lfdnr.443;99.96;1;
t_grundbuch.item.lfdnr.444;99.96;1;
t_grundbuch.item.lfdnr.445;99.96;1;
t_grundbuch.item.lfdnr.446;99.96;1;
t_grundbuch.item.lfdnr.447;99.96;1;
t_grundbuch.item.lfdnr.448;99.96;1;
t_grundbuch.item.lfdnr.449;99.96;1;
t_grundbuch.item.lfdnr.45;99.67;2;
t_grundbuch.item.lfdnr.450;99.96;1;
t_grundbuch.item.lfdnr.451;99.96;1;
t_grundbuch.item.lfdnr.452;99.96;1;
t_grundbuch.item.lfdnr.453;99.96;1;
t_grundbuch.item.lfdnr.454;99.96;1;
t_grundbuch.item.lfdnr.455;99.96;1;
t_grundbuch.item.lfdnr.456;99.96;1;
t_grundbuch.item.lfdnr.457;99.96;1;
t_grundbuch.item.lfdnr.458;99.96;1;
t_grundbuch.item.lfdnr.459;99.96;1;
t_grundbuch.item.lfdnr.46;99.71;1;
t_grundbuch.item.lfdnr.460;99.96;1;
t_grundbuch.item.lfdnr.461;99.96;1;
t_grundbuch.item.lfdnr.462;99.96;1;
t_grundbuch.item.lfdnr.463;99.96;1;
t_grundbuch.item.lfdnr.464;99.96;1;
t_grundbuch.item.lfdnr.465;99.96;1;
t_grundbuch.item.lfdnr.466;99.96;1;
t_grundbuch.item.lfdnr.467;99.96;1;
t_grundbuch.item.lfdnr.468;99.96;1;
t_grundbuch.item.lfdnr.469;99.96;1;
t_grundbuch.item.lfdnr.47;99.71;1;
t_grundbuch.item.lfdnr.470;99.96;1;
t_grundbuch.item.lfdnr.471;99.96;1;
t_grundbuch.item.lfdnr.472;99.96;1;
t_grundbuch.item.lfdnr.473;99.96;1;
t_grundbuch.item.lfdnr.474;99.96;1;
t_grundbuch.item.lfdnr.475;99.96;1;
t_grundbuch.item.lfdnr.476;99.96;1;
t_grundbuch.item.lfdnr.477;99.96;1;
t_grundbuch.item.lfdnr.478;99.96;1;
t_grundbuch.item.lfdnr.479;99.96;1;
t_grundbuch.item.lfdnr.48;99.71;1;
t_grundbuch.item.lfdnr.480;99.96;1;
t_grundbuch.item.lfdnr.481;99.96;1;
t_grundbuch.item.lfdnr.482;99.96;1;
t_grundbuch.item.lfdnr.483;99.96;1;
t_grundbuch.item.lfdnr.484;99.96;1;
t_grundbuch.item.lfdnr.485;99.96;1;
t_grundbuch.item.lfdnr.486;99.96;1;
t_grundbuch.item.lfdnr.487;99.96;1;
t_grundbuch.item.lfdnr.488;99.96;1;
t_grundbuch.item.lfdnr.489;99.96;1;
t_grundbuch.item.lfdnr.49;99.71;1;
t_grundbuch.item.lfdnr.490;99.96;1;
t_grundbuch.item.lfdnr.491;99.96;1;
t_grundbuch.item.lfdnr.492;99.96;1;
t_grundbuch.item.lfdnr.493;99.96;1;
t_grundbuch.item.lfdnr.494;99.96;1;
t_grundbuch.item.lfdnr.495;99.96;1;
t_grundbuch.item.lfdnr.496;99.96;1;
t_grundbuch.item.lfdnr.497;99.96;1;
t_grundbuch.item.lfdnr.498;99.96;1;
t_grundbuch.item.lfdnr.499;99.96;1;
t_grundbuch.item.lfdnr.50;99.71;1;
t_grundbuch.item.lfdnr.500;99.96;1;
t_grundbuch.item.lfdnr.501;99.96;1;
t_grundbuch.item.lfdnr.502;99.96;1;
t_grundbuch.item.lfdnr.503;99.96;1;
t_grundbuch.item.lfdnr.504;99.96;1;
t_grundbuch.item.lfdnr.505;99.96;1;
t_grundbuch.item.lfdnr.506;99.96;1;
t_grundbuch.item.lfdnr.507;99.96;1;
t_grundbuch.item.lfdnr.508;99.96;1;
t_grundbuch.item.lfdnr.509;99.96;1;
t_grundbuch.item.lfdnr.51;99.71;1;
t_grundbuch.item.lfdnr.510;99.96;1;
t_grundbuch.item.lfdnr.511;99.96;1;
t_grundbuch.item.lfdnr.512;99.96;1;
t_grundbuch.item.lfdnr.513;99.96;1;
t_grundbuch.item.lfdnr.514;99.96;1;
t_grundbuch.item.lfdnr.515;99.96;1;
t_grundbuch.item.lfdnr.516;99.96;1;
t_grundbuch.item.lfdnr.517;99.96;1;
t_grundbuch.item.lfdnr.518;99.96;1;
t_grundbuch.item.lfdnr.519;99.96;1;
t_grundbuch.item.lfdnr.52;99.71;1;
t_grundbuch.item.lfdnr.520;99.96;1;
t_grundbuch.item.lfdnr.521;99.96;1;
t_grundbuch.item.lfdnr.522;99.96;1;
t_grundbuch.item.lfdnr.523;99.96;1;
t_grundbuch.item.lfdnr.524;99.96;1;
t_grundbuch.item.lfdnr.525;99.96;1;
t_grundbuch.item.lfdnr.526;99.96;1;
t_grundbuch.item.lfdnr.527;99.96;1;
t_grundbuch.item.lfdnr.528;99.96;1;
t_grundbuch.item.lfdnr.529;99.96;1;
t_grundbuch.item.lfdnr.53;99.71;1;
t_grundbuch.item.lfdnr.530;99.96;1;
t_grundbuch.item.lfdnr.531;99.96;1;
t_grundbuch.item.lfdnr.532;99.96;1;
t_grundbuch.item.lfdnr.533;99.96;1;
t_grundbuch.item.lfdnr.534;99.96;1;
t_grundbuch.item.lfdnr.535;99.96;1;
t_grundbuch.item.lfdnr.536;99.96;1;
t_grundbuch.item.lfdnr.537;99.96;1;
t_grundbuch.item.lfdnr.538;99.96;1;
t_grundbuch.item.lfdnr.539;99.96;1;
t_grundbuch.item.lfdnr.54;99.71;1;
t_grundbuch.item.lfdnr.540;99.96;1;
t_grundbuch.item.lfdnr.541;99.96;1;
t_grundbuch.item.lfdnr.542;99.96;1;
t_grundbuch.item.lfdnr.543;99.96;1;
t_grundbuch.item.lfdnr.544;99.96;1;
t_grundbuch.item.lfdnr.545;99.96;1;
t_grundbuch.item.lfdnr.546;99.96;1;
t_grundbuch.item.lfdnr.547;99.96;1;
t_grundbuch.item.lfdnr.548;99.96;1;
t_grundbuch.item.lfdnr.549;99.96;1;
t_grundbuch.item.lfdnr.55;99.74;1;
t_grundbuch.item.lfdnr.550;99.96;1;
t_grundbuch.item.lfdnr.551;99.96;1;
t_grundbuch.item.lfdnr.552;99.96;1;
t_grundbuch.item.lfdnr.553;99.96;1;
t_grundbuch.item.lfdnr.554;99.96;1;
t_grundbuch.item.lfdnr.555;99.96;1;
t_grundbuch.item.lfdnr.556;99.96;1;
t_grundbuch.item.lfdnr.557;99.96;1;
t_grundbuch.item.lfdnr.558;99.96;1;
t_grundbuch.item.lfdnr.559;99.96;1;
t_grundbuch.item.lfdnr.56;99.74;1;
t_grundbuch.item.lfdnr.560;99.96;1;
t_grundbuch.item.lfdnr.561;99.96;1;
t_grundbuch.item.lfdnr.562;99.96;1;
t_grundbuch.item.lfdnr.57;99.74;1;
t_grundbuch.item.lfdnr.58;99.74;1;
t_grundbuch.item.lfdnr.59;99.74;1;
t_grundbuch.item.lfdnr.60;99.74;1;
t_grundbuch.item.lfdnr.61;99.74;1;
t_grundbuch.item.lfdnr.62;99.74;1;
t_grundbuch.item.lfdnr.63;99.74;1;
t_grundbuch.item.lfdnr.64;99.78;1;
t_grundbuch.item.lfdnr.65;99.78;1;
t_grundbuch.item.lfdnr.66;99.78;1;
t_grundbuch.item.lfdnr.67;99.78;1;
t_grundbuch.item.lfdnr.68;99.78;1;
t_grundbuch.item.lfdnr.69;99.82;1;
t_grundbuch.item.lfdnr.70;99.82;1;
t_grundbuch.item.lfdnr.71;99.82;1;
t_grundbuch.item.lfdnr.72;99.82;1;
t_grundbuch.item.lfdnr.73;99.85;1;
t_grundbuch.item.lfdnr.74;99.85;1;
t_grundbuch.item.lfdnr.75;99.85;1;
t_grundbuch.item.lfdnr.76;99.85;1;
t_grundbuch.item.lfdnr.77;99.85;1;
t_grundbuch.item.lfdnr.78;99.85;1;
t_grundbuch.item.lfdnr.79;99.85;1;
t_grundbuch.item.lfdnr.80;99.85;1;
t_grundbuch.item.lfdnr.81;99.85;1;
t_grundbuch.item.lfdnr.82;99.85;1;
t_grundbuch.item.lfdnr.83;99.85;1;
t_grundbuch.item.lfdnr.84;99.85;1;
t_grundbuch.item.lfdnr.85;99.89;1;
t_grundbuch.item.lfdnr.86;99.89;1;
t_grundbuch.item.lfdnr.87;99.89;1;
t_grundbuch.item.lfdnr.88;99.89;1;
t_grundbuch.item.lfdnr.89;99.89;1;
t_grundbuch.item.lfdnr.90;99.89;1;
t_grundbuch.item.lfdnr.91;99.89;1;
t_grundbuch.item.lfdnr.92;99.89;1;
t_grundbuch.item.lfdnr.93;99.89;1;
t_grundbuch.item.lfdnr.94;99.89;1;
t_grundbuch.item.lfdnr.95;99.89;1;
t_grundbuch.item.lfdnr.96;99.96;1;
t_grundbuch.item.lfdnr.97;99.96;1;
t_grundbuch.item.lfdnr.98;99.96;1;
t_grundbuch.item.lfdnr.99;99.96;1;
t_immissionsquelle.item.l_immissionsquelle;99.48;2;
t_kaufpreiskorrektur.item.kaufpreiskorrektur_entn;79.65;27;
t_kaufpreiskorrektur.item.kaufpreiskorrektur_entn.02;97.57;10;
t_kaufpreiskorrektur.item.kaufpreiskorrektur_entn.03;99.3;4;
t_kaufpreiskorrektur.item.kaufpreiskorrektur_wert;79.65;105;
t_kaufpreiskorrektur.item.kaufpreiskorrektur_wert.02;97.57;16;
t_kaufpreiskorrektur.item.kaufpreiskorrektur_wert.03;99.3;4;
t_kaufpreiskorrektur.item.l_kaufpreiskorrektur;79.65;105;
t_kaufpreiskorrektur.item.l_kaufpreiskorrektur.02;97.57;12;
t_kaufpreiskorrektur.item.l_kaufpreiskorrektur.03;99.3;3;
t_nebenflaechen.item.nebenflaeche_abs_bodenwert;99;5;
t_nebenflaechen.item.nebenflaeche_flaeche;99;6;
t_nebenflaechen.item.nebenflaeche_rel_bodenwert;99;5;
t_nebenflaechen.item.nebenflaeche_text;99;3;
t_rechtebelastungen.item.l_rechte_belastungen;56.43;207;
t_rechtebelastungen.item.l_rechte_belastungen.02;78.81;121;
t_rechtebelastungen.item.l_rechte_belastungen.03;95.61;43;
t_rechtebelastungen.item.l_rechte_belastungen.04;98.82;11;
t_rechtebelastungen.item.l_rechte_belastungen.05;99.26;4;
t_rechtebelastungen.item.l_wertrelevant;56.43;4;
t_rechtebelastungen.item.l_wertrelevant.02;78.81;4;
t_rechtebelastungen.item.l_wertrelevant.03;95.61;4;
t_rechtebelastungen.item.l_wertrelevant.04;98.82;2;
t_rechtebelastungen.item.l_wertrelevant.05;99.26;1;
t_rechtebelastungen.item.rechte_wert;56.43;4;
t_rechtebelastungen.item.rechte_wert.02;78.81;2;
t_rechtebelastungen.item.rechte_wert.03;95.61;2;
t_rechtebelastungen.item.rechte_wert.04;98.82;2;
t_rechtebelastungen.item.rechte_wert.05;99.26;1;
t_zusatzwf.item.l_zusatzwf_beschr;99.56;10;
t_zusatzwf.item.zusatzwf;99.56;1;
t_zusatzwf.item.zusatzwf_wert;99.56;11;
teilmarkt;0;1;
urkundejahr;0;8;Jahr
urkundenr;0;1050;
verkehrswert_ermit;99.48;3;
vertragdatum;0;1072;
vollgeschosse_planungsrecht;99.12;3;
wfinsg_hg;0;1083;m2
zahlgrundstuecke;98.01;7;
zusaetzlicheausst;81.5;202;
zusatzwf;99.59;10;
